241新北市三重區重新路5段609巷2號8樓之2,高雄市(非原住民地區)
350苗栗縣竹南鎮新竹科學園區科研路25號,臺北市(非原住民地區)
100臺北市中正區仁愛路2段71號3樓之5,臺北市(非原住民地區)
106臺北市大安區復興南路2段237號8樓之8,臺北市(非原住民地區)
114臺北市內湖區堤頂大道2段407巷20弄1、3、5、7號10樓，及407巷22、24、26號10樓及407巷22號10樓之1,臺北市(非原住民地區)
238新北市樹林區保安街2段181號7樓,臺北市(非原住民地區)
241新北市三重區重新路5段646號4樓之2,臺北市(非原住民地區)
708臺南市安平區建平十七街159號8樓之2,臺北市(非原住民地區)
248新北市五股區中興路1段8號6樓,臺北市(非原住民地區)
235新北市中和區中原里中正路880號14樓之5,臺北市(非原住民地區)
114臺北市內湖區堤頂大道2段407巷20弄1、3、5、7號10樓，及407巷22、24、26號10樓及407巷22號10樓之1,臺北市(非原住民地區)
114臺北市內湖區堤頂大道2段407巷20弄1、3、5、7號10樓，及407巷22、24、26號10樓及407巷22號10樓之1,其他
105臺北市松山區南京東路4段126號10樓、10樓之1至之3,臺北市(非原住民地區)
235新北市中和區中原里中正路880號14樓之5,臺北市(非原住民地區)
105臺北市松山區南京東路4段126號10樓、10樓之1至之3,臺北市(非原住民地區)
114臺北市內湖區堤頂大道2段407巷20弄1、3、5、7號10樓，及407巷22、24、26號10樓及407巷22號10樓之1,臺北市(非原住民地區)
105臺北市松山區南京東路4段126號10樓、10樓之1至之3,臺北市(非原住民地區)
408臺中市南屯區精科南路99號5樓之2,臺中市(非原住民地區)
111臺北市士林區承德路4段81號3樓之1,臺北市(非原住民地區)
110臺北市信義區忠孝東路5段510號10樓,高雄市(非原住民地區)
104臺北市中山區敬業一路139號5樓之7,桃園市復興區(原住民地區) 
807高雄市三民區民族一路80號6樓之1,臺北市(非原住民地區)
234新北市永和區新北市永和區中山路一段168號9樓,臺中市(非原住民地區)
104臺北市中山區敬業一路139號5樓之7,高雄市(非原住民地區)
104臺北市中山區復興北路48號3樓,臺北市(非原住民地區)
105臺北市松山區南京東路5段188號9樓之12,其他
407臺中市西屯區福恩里工業區一路70號6樓之2,臺中市(非原住民地區)
104臺北市中山區民生東路3段2號10、11樓,雲林縣(非原住民地區)
300新竹市東區三民里民權路103號2樓,臺南市(非原住民地區)
105臺北市松山區南京東路4段16號11樓,高雄市(非原住民地區)
105臺北市松山區南京東路4段126號10樓、10樓之1至之3,宜蘭縣(非原住民地區)
114臺北市內湖區瑞湖街88號6樓之1,臺北市(非原住民地區)
114臺北市內湖區堤頂大道2段407巷20弄1、3、5、7號10樓，及407巷22、24、26號10樓及407巷22號10樓之1,新北市(非原住民地區)
106臺北市大安區復興南路一段360號7樓之3,臺中市(非原住民地區)
412臺中市大里區內新里新和街68號,臺中市(非原住民地區)
300新竹市東區新竹市園區二路57號1樓,臺北市(非原住民地區)
112臺北市北投區永興路1段49號,臺中市(非原住民地區)
807高雄市三民區文濱路21號,屏東縣(非原住民地區)
104臺北市中山區松江路338號7樓,宜蘭縣(非原住民地區)
407臺中市西屯區工業區一路二巷3號7樓之6,臺中市(非原住民地區)
114臺北市內湖區堤頂大道2段407巷20弄3號5樓,臺北市(非原住民地區)
244新北市林口區中山路555號10樓,臺北市(非原住民地區)
105臺北市松山區南京東路4段126號10樓、10樓之1至之3,臺北市(非原住民地區)
248新北市五股區中興路1段8號6樓之2,臺中市(非原住民地區)
300新竹市東區園區二路57號1樓,臺北市(非原住民地區)
231新北市新店區安興路125之12號5樓,高雄市(非原住民地區)
244新北市林口區工七路16號,臺北市(非原住民地區)
100臺北市中正區紹興北街3號5樓,其他
106臺北市大安區金山南路2段12號5樓之5,其他
115臺北市南港區園區街3號12樓之6,臺北市(非原住民地區)
116臺北市文山區羅斯福路6段10號10樓,臺北市(非原住民地區)
100臺北市中正區仁愛路二段99號11樓,高雄市(非原住民地區)
100臺北市中正區重慶南路1段57號9樓之10,臺中市(非原住民地區)
407臺中市西屯區工業區六路11號,其他
110臺北市信義區忠孝東路5段550號14樓,彰化縣(非原住民地區)
100臺北市中正區仁愛路二段99號11樓,高雄市(非原住民地區)
114臺北市內湖區內湖路1段396號11樓,臺北市(非原住民地區)
114臺北市內湖區堤頂大道2段407巷20弄1、3、5、7號10樓，及407巷22、24、26號10樓及407巷22號10樓之1,臺北市(非原住民地區)
407臺中市西屯區潮洋里朝富路213號23樓之11,高雄市(非原住民地區)
231新北市新店區中興路2段190號4樓之1,臺北市(非原住民地區)
106臺北市大安區金山南路2段12號5樓之5,臺北市(非原住民地區)
114臺北市內湖區成功路2段426巷62號,臺北市(非原住民地區)
300新竹市東區園區二路57號1樓,桃園市(非原住民地區)
238新北市樹林區大安路534號5樓,臺北市(非原住民地區)
231新北市新店區北新路3段207號11樓及207之1號11樓,臺北市(非原住民地區)
320桃園市中壢區領航南路三段468號13樓之2,臺南市(非原住民地區)
100臺北市中正區紹興北街5號5樓之1,高雄市(非原住民地區)
110臺北市信義區信義路5段5號,臺北市(非原住民地區)
103臺北市大同區承德路2段81號15樓,其他
114臺北市內湖區民權東路6段160號5樓之4,苗栗縣(非原住民地區)
114臺北市內湖區瑞光路188巷46號8樓,臺北市(非原住民地區)
406臺中市北屯區綏遠路二段216之5號6樓、216號地下一層,臺北市(非原住民地區)
406臺中市北屯區綏遠路二段216之5號6樓、216號地下一層,臺北市(非原住民地區)
235新北市中和區中原里中正路880號14樓之5,臺北市(非原住民地區)
100臺北市中正區八德路1段46號9樓,臺北市(非原住民地區)
114臺北市內湖區東湖路160巷10弄28號,臺北市(非原住民地區)
106臺北市大安區敦化南路2段95號28樓,臺北市(非原住民地區)
220新北市板橋區文化路1段266號16樓之1,臺北市(非原住民地區)
730臺南市新營區土庫里土庫6之20號,臺北市(非原住民地區)
110臺北市信義區忠孝東路5段510號10樓,臺北市(非原住民地區)
104臺北市中山區建國北路1段148號3樓,臺北市(非原住民地區)
105臺北市松山區南京東路4段16號11樓,新竹縣(非原住民地區)
115臺北市南港區園區街3-2號4樓,高雄市(非原住民地區)
100臺北市中正區金門街24巷16之1號1樓,彰化縣(非原住民地區)
106臺北市大安區復興南路2段237號8樓之8,臺中市(非原住民地區)
110臺北市信義區東興路69號5樓,臺北市(非原住民地區)
407臺中市西屯區大墩十八街195號3樓之1,臺中市(非原住民地區)
100臺北市中正區杭州南路1段6巷9號1樓,高雄市(非原住民地區)
404臺中市北區北興街296巷5號2樓之2,臺北市(非原住民地區)
303新竹縣湖口鄉工業一路1號,臺北市(非原住民地區)
103臺北市大同區承德路1段70之1號13樓之1,臺北市(非原住民地區)
108臺北市萬華區萬大路322巷11號,臺北市(非原住民地區)
105臺北市松山區臺北市松山區台北市松山區南京東路5段222號4F,臺北市(非原住民地區)
235新北市中和區中原里中正路880號14樓之5,臺北市(非原住民地區)
115臺北市南港區重陽路223號5樓,臺北市(非原住民地區)
350苗栗縣竹南鎮新南里三角店28之2號,臺南市(非原住民地區)
804高雄市鼓山區昌盛路336號4樓,臺北市(非原住民地區)
114臺北市內湖區洲子街46號7樓,臺中市(非原住民地區)
802高雄市苓雅區林森二路80號11樓,臺中市(非原住民地區)
235新北市中和區中原里中正路880號14樓之5,臺南市(非原住民地區)
112臺北市北投區承德路7段388號6樓之1,臺北市(非原住民地區)
114臺北市內湖區瑞光路578號5樓,臺北市(非原住民地區)
115臺北市南港區忠孝東路7段508號5樓,臺中市(非原住民地區)
104臺北市中山區中山北路2段115巷43號8樓,臺北市(非原住民地區)
231新北市新店區中興路2段190號4樓之1,臺中市(非原住民地區)
105臺北市松山區南京東路4段126號10樓、10樓之1至之3,臺北市(非原住民地區)
830高雄市鳳山區過埤里過埤路124號,新竹市(非原住民地區)
105臺北市松山區南京東路4段126號10樓、10樓之1至之3,臺北市(非原住民地區)
114臺北市內湖區瑞光路578號5樓,宜蘭縣(非原住民地區)
807高雄市三民區博愛一路391號7樓,屏東縣(非原住民地區)
403臺中市西區民龍里英才路530號13樓之3,雲林縣(非原住民地區)
111臺北市士林區重慶北路四段248號,臺北市(非原住民地區)
100臺北市中正區杭州南路1段6巷9號1樓,新竹市(非原住民地區)
105臺北市松山區南京東路4段126號10樓、10樓之1至之3,臺北市(非原住民地區)
105臺北市松山區南京東路4段126號10樓、10樓之1至之3,彰化縣(非原住民地區)
248新北市五股區中興路1段8號6樓,宜蘭縣(非原住民地區)
105臺北市松山區南京東路4段126號10樓、10樓之1至之3,臺南市(非原住民地區)
115臺北市南港區成功路1段32號4樓之1,臺中市(非原住民地區)
105臺北市松山區南京東路4段126號10樓、10樓之1至之3,臺北市(非原住民地區)
238新北市樹林區大安路534號5樓,臺北市(非原住民地區)
106臺北市大安區敦化南路2段180號5樓,臺中市(非原住民地區)
231新北市新店區寶橋路235巷6弄2號9樓,高雄市(非原住民地區)
105臺北市松山區塔悠路81號6樓之1,桃園市(非原住民地區)
114臺北市內湖區堤頂大道2段407巷20弄1、3、5、7號10樓，及407巷22、24、26號10樓及407巷22號10樓之1,臺北市(非原住民地區)
220新北市板橋區重慶路8號6樓,南投縣(非原住民地區)
114臺北市內湖區堤頂大道2段407巷20弄1、3、5、7號10樓，及407巷22、24、26號10樓及407巷22號10樓之1,臺北市(非原住民地區)
366苗栗縣銅鑼鄉新竹科學園區九湖村銅科二路8號,高雄市(非原住民地區)
104臺北市中山區民生東路一段58號9樓之1,臺北市(非原住民地區)
104臺北市中山區民生東路2段176號5樓,高雄市(非原住民地區)
235新北市中和區中正路880號17樓之1,高雄市(非原住民地區)
242新北市新莊區莊崑路19號(1之2樓),臺北市(非原住民地區)
114臺北市內湖區瑞光路578號5樓,高雄市(非原住民地區)
234新北市永和區民權路53號6樓,高雄市(非原住民地區)
237新北市三峽區二鬮路136巷22弄1號,臺北市(非原住民地區)
244新北市林口區文化二路1段266號19樓之2,臺中市(非原住民地區)
114臺北市內湖區堤頂大道2段407巷20弄1、3、5、7號10樓，及407巷22、24、26號10樓及407巷22號10樓之1,臺中市(非原住民地區)
115臺北市南港區經貿一路170號18樓及18樓之1、之2、之3,高雄市(非原住民地區)
235新北市中和區中原里中正路880號14樓之5,桃園市(非原住民地區)
105臺北市松山區南京東路4段126號10樓、10樓之1至之3,臺中市(非原住民地區)
235新北市中和區中原里中正路880號14樓之5,臺南市(非原住民地區)
330桃園市桃園區經國路168號19樓,其他
231新北市新店區寶橋路235巷6弄2號9樓,臺南市(非原住民地區)
231新北市新店區北新路1段10號4樓之2,臺北市(非原住民地區)
407臺中市西屯區臺中市西屯區臺灣大道三段660號8樓之5、8樓之3,臺中市(非原住民地區)
103臺北市大同區承德路3段267號7樓,臺中市(非原住民地區)
105臺北市松山區南京東路4段126號10樓、10樓之1至之3,臺中市(非原住民地區)
231新北市新店區中正路525之1號9樓,臺中市(非原住民地區)
105臺北市松山區南京東路4段126號10樓、10樓之1至之3,臺中市(非原住民地區)
105臺北市松山區敦化南路一段2號2樓,臺中市(非原住民地區)
104臺北市中山區松江路221巷19號,臺中市(非原住民地區)
110臺北市信義區基隆路1段398號2樓,臺中市(非原住民地區)
407臺中市西屯區西屯路二段126巷9號1樓,臺北市(非原住民地區)
105臺北市松山區南京東路4段126號10樓、10樓之1至之3,臺中市(非原住民地區)
106臺北市大安區敦化南路2段95號28樓,臺北市(非原住民地區)
413臺中市霧峰區北柳里霧工三路11號,臺中市(非原住民地區)
114臺北市內湖區民權東路6段15巷39號4樓,屏東縣(非原住民地區)
105臺北市松山區南京東路4段51號4樓,臺北市(非原住民地區)
105臺北市松山區八德路4段277之1號3樓,臺北市(非原住民地區)
110臺北市信義區忠孝東路5段68號20樓,臺北市(非原住民地區)
235新北市中和區中正路926號4樓,屏東縣(非原住民地區)
105臺北市松山區敦化南路一段2號2樓,南投縣(非原住民地區)
105臺北市松山區敦化北路153-2號2樓,新北市(非原住民地區)
104臺北市中山區民生東路3段2號10、11樓,臺北市(非原住民地區)
235新北市中和區中正路880號17樓之1,臺中市(非原住民地區)
403臺中市西區公民里五權路2之107號19樓,南投縣(非原住民地區)
235新北市中和區中正路880號17樓之1,臺北市(非原住民地區)
412臺中市大里區科技路168號5樓之1,南投縣(非原住民地區)
231新北市新店區北新路3段207號3樓,臺北市(非原住民地區)
114臺北市內湖區堤頂大道2段407巷20弄1、3、5、7號10樓，及407巷22、24、26號10樓及407巷22號10樓之1,金門縣(非原住民地區)
333桃園市龜山區科技一路88號,臺北市(非原住民地區)
224新北市瑞芳區明燈路3段11號,臺北市(非原住民地區)
105臺北市松山區南京東路4段126號10樓、10樓之1至之3,臺中市(非原住民地區)
115臺北市南港區南港路1段209號6樓,桃園市(非原住民地區)
701臺南市東區仁和里利東街40號1樓,臺南市(非原住民地區)
105臺北市松山區南京東路4段126號10樓、10樓之1至之3,屏東縣(非原住民地區)
110臺北市信義區永吉路168號12樓之2,臺北市(非原住民地區)
105臺北市松山區南京東路4段16號11樓,臺東縣台東市(原住民地區)
106臺北市大安區羅斯福路3段245號5樓之1,臺北市(非原住民地區)
100臺北市中正區忠孝西路一段80號19樓,臺南市(非原住民地區)
114臺北市內湖區內湖路1段411巷89弄1號1樓,臺南市(非原住民地區)
105臺北市松山區南京東路4段126號10樓、10樓之1至之3,臺北市(非原住民地區)
221新北市汐止區南興路58號5樓6樓8樓9樓,高雄市(非原住民地區)
104臺北市中山區民生東路1段58號9樓之1,新北市(非原住民地區)
521彰化縣北斗鎮大新里新工一路100號,南投縣(非原住民地區)
105臺北市松山區南京東路4段126號10樓、10樓之1至之3,臺北市(非原住民地區)
115臺北市南港區南港路1段209號6樓,臺北市(非原住民地區)
105臺北市松山區敦化北路311號2樓,高雄市(非原住民地區)
103臺北市大同區重慶北路2段243號7樓、7樓之1、7樓之2、7樓之3,臺北市(非原住民地區)
114臺北市內湖區堤頂大道2段501號4樓,臺南市(非原住民地區)
106臺北市大安區瑞安街135巷11號1樓,高雄市(非原住民地區) 
115臺北市南港區忠孝東路7段508號5樓,臺北市(非原住民地區)
220新北市板橋區深丘里中山路一段156號18樓,高雄市(非原住民地區)
106臺北市大安區民龍里臺灣大道二段239號13樓,臺中市(非原住民地區)
104臺北市中山區民權東路三段71號3樓,臺北市(非原住民地區)
105臺北市松山區南京東路4段126號10樓、10樓之1至之3,臺北市(非原住民地區)
106臺北市大安區信義路4段6號17樓,宜蘭縣(非原住民地區)
330桃園市桃園區中信里中山路956巷116號,臺北市(非原住民地區)
407臺中市西屯區福和里臺灣大道四段925號9樓之1,臺中市(非原住民地區)
105臺北市松山區敦化南路一段2號2樓,臺中市(非原住民地區)
807高雄市三民區民族一路80號6樓之1,臺中市(非原住民地區)
221新北市汐止區新台五路1段97號24樓之8,臺中市(非原住民地區)
114臺北市內湖區堤頂大道2段407巷20弄1、3、5、7號10樓，及407巷22、24、26號10樓及407巷22號10樓之1,桃園市(非原住民地區)
105臺北市松山區南京東路4段126號10樓、10樓之1至之3,臺北市(非原住民地區)
244新北市林口區文化一路1段93號3樓之2,臺北市(非原住民地區)
363苗栗縣公館鄉鶴山村11鄰135號,高雄市(非原住民地區)
333桃園市龜山區龍華里萬壽路一段492號7樓之1,南投縣(非原住民地區)
103臺北市大同區重慶北路2段243號7樓、7樓之1、7樓之2、7樓之3,臺北市(非原住民地區)
100臺北市中正區重慶南路1段57號9樓之10,宜蘭縣(非原住民地區)
110臺北市信義區忠孝東路4段560號3樓,臺中市(非原住民地區)
110臺北市信義區忠孝東路5段68號20樓,南投縣(非原住民地區)
110臺北市信義區忠孝東路5段410號3樓之2,臺北市(非原住民地區)
115臺北市南港區園區街3號14樓之2,新北市(非原住民地區)
407臺中市西屯區工業區一路70號6樓之1,南投縣(非原住民地區)
106臺北市大安區仁愛路4段33號9樓之3,臺北市(非原住民地區)
104臺北市中山區民生東路3段2號10、11樓,臺北市(非原住民地區)
110臺北市信義區東興路49號9樓,臺南市(非原住民地區)
106臺北市大安區仁愛路4段300巷27號1樓,臺北市(非原住民地區)
420臺中市豐原區中正路631號1樓,新竹市(非原住民地區)
807高雄市三民區九如一路502號27樓之3,臺北市(非原住民地區)
104臺北市中山區錦州街4巷1號1樓,臺北市(非原住民地區)
231新北市新店區北新路3段207號11樓及207之1號11樓,臺北市(非原住民地區)
630雲林縣斗南鎮新光里光民路55號,臺南市(非原住民地區)
221新北市汐止區康寧街169巷31號4樓之1,彰化縣(非原住民地區)
100臺北市中正區仁愛路二段99號11樓,臺北市(非原住民地區)
235新北市中和區中原里中正路880號14樓之5,臺北市(非原住民地區)
104臺北市中山區民生東路1段58號9樓之1,臺北市(非原住民地區)
115臺北市南港區忠孝東路7段508號4樓之3,臺北市(非原住民地區)
104臺北市中山區中山北路2段96號12樓,高雄市(非原住民地區)
104臺北市中山區龍江路415巷6號1樓,彰化縣(非原住民地區)
702臺南市南區金華里金華路2段147巷37弄29號5樓,高雄市(非原住民地區)
116臺北市文山區興隆路2段153巷7號1樓,新北市(非原住民地區)
710臺南市永康區東橋里東橋三路126號3樓之1,高雄市(非原住民地區)
114臺北市內湖區堤頂大道2段407巷20弄1、3、5、7號10樓，及407巷22、24、26號10樓及407巷22號10樓之1,臺北市(非原住民地區)
804高雄市鼓山區中華一路828號4樓,臺北市(非原住民地區)
338桃園市蘆竹區南興里榮興路54號6樓,宜蘭縣(非原住民地區)
115臺北市南港區經貿一路170號18樓及18樓之1、之2、之3,臺中市(非原住民地區)
104臺北市中山區民權西路27號5樓之2,臺中市(非原住民地區)
105臺北市松山區南京東路4段16號11樓,桃園市(非原住民地區)
241新北市三重區光復路1段61巷26號11樓之1,臺北市(非原住民地區)
266宜蘭縣三星鄉大義村上將路三段582巷56號1樓,桃園市(非原住民地區)
403臺中市西區民龍里英才路530號13樓之3,雲林縣(非原住民地區)
114臺北市內湖區瑞光路358巷30弄8號4樓,彰化縣(非原住民地區)
813高雄市左營區維新街142號,臺中市(非原住民地區)
908屏東縣長治鄉德和村6鄰神農路3號,臺東縣台東市(原住民地區)
105臺北市松山區南京東路4段126號10樓、10樓之1至之3,高雄市(非原住民地區) 
110臺北市信義區市民大道6段288號10樓之6,臺中市(非原住民地區)
820高雄市岡山區岡山北路2巷42號,臺北市(非原住民地區)
243新北市泰山區明志路三段350號6樓,高雄市(非原住民地區)
114臺北市內湖區堤頂大道2段407巷20弄1、3、5、7號10樓，及407巷22、24、26號10樓及407巷22號10樓之1,新北市(非原住民地區)
807高雄市三民區延吉街57號,臺南市(非原住民地區)
104臺北市中山區長安東路1段21號2樓,金門縣(非原住民地區)
407臺中市西屯區工業區七路15號,屏東縣(非原住民地區)
115臺北市南港區忠孝東路7段508號4樓之3,桃園市(非原住民地區)
105臺北市松山區南京東路4段126號10樓、10樓之1至之3,臺北市(非原住民地區)
105臺北市松山區南京東路4段126號10樓、10樓之1至之3,臺北市(非原住民地區)
114臺北市內湖區瑞光路26巷36弄2號5樓,臺北市(非原住民地區)
114臺北市內湖區堤頂大道2段407巷20弄1、3、5、7號10樓，及407巷22、24、26號10樓及407巷22號10樓之1,臺北市(非原住民地區)
105臺北市松山區南京東路4段126號10樓、10樓之1至之3,臺北市(非原住民地區)
110臺北市信義區松德路10號6樓,高雄市(非原住民地區)
235新北市中和區中原里中正路880號14樓之5,臺北市(非原住民地區)
235新北市中和區中原里中正路880號14樓之5,高雄市(非原住民地區)
973花蓮縣吉安鄉慶豐村北安街161巷10號,花蓮縣(原住民地區)
516彰化縣埔鹽鄉新興村安興路53號,彰化縣(非原住民地區)
221新北市汐止區康寧街169巷31號4樓之2,高雄市(非原住民地區)
231新北市新店區寶橋路148號6樓,金門縣(非原住民地區)
104臺北市中山區敬業一路139號5樓之7,臺北市(非原住民地區)
807高雄市三民區文濱路21號,高雄市(非原住民地區)
105臺北市松山區南京東路4段126號10樓、10樓之1至之3,臺北市(非原住民地區)
106臺北市大安區和平東路1段16號5樓,高雄市(非原住民地區)
110臺北市信義區松德路74號3樓,其他
110臺北市信義區忠孝東路5段550號14樓,花蓮縣(原住民地區)
114臺北市內湖區堤頂大道2段407巷20弄1、3、5、7號10樓，及407巷22、24、26號10樓及407巷22號10樓之1,臺北市(非原住民地區)
414臺中市烏日區三榮路一段486號4樓之1,彰化縣(非原住民地區)
104臺北市中山區民生東路1段58號8樓之2,臺北市(非原住民地區)
114臺北市內湖區堤頂大道2段407巷20弄1、3、5、7號10樓，及407巷22、24、26號10樓及407巷22號10樓之1,金門縣(非原住民地區)
114臺北市內湖區民權東路6段15巷39號4樓,宜蘭縣(非原住民地區)
330桃園市桃園區豐林里介壽路22號,臺北市(非原住民地區)
235新北市中和區中山路2段327巷5號4樓,高雄市(非原住民地區)
104臺北市中山區敬業一路139號5樓之7,臺北市(非原住民地區)
406臺中市北屯區綏遠路二段216之5號6樓、216號地下一層,臺北市(非原住民地區)
407臺中市西屯區福恩里工業區一路70號6樓之2,南投縣(非原住民地區)
114臺北市內湖區民權東路6段15巷39號4樓,臺中市(非原住民地區)
106臺北市大安區仁愛路3段30號5樓、32號5樓,臺中市(非原住民地區)
408臺中市南屯區工業區二十一路50號,金門縣(非原住民地區)
264宜蘭縣員山鄉員山村金古三路6-1號,臺北市(非原住民地區)
333桃園市龜山區萬壽路二段353號1樓,宜蘭縣(非原住民地區)
106臺北市大安區仁愛路4段300巷27號1樓,高雄市(非原住民地區)
114臺北市內湖區瑞光路335號9樓,桃園市(非原住民地區)
100臺北市中正區杭州南路1段19號10樓,臺北市(非原住民地區)
242新北市新莊區後港一路141號1樓至2樓;143號1樓至2樓,高雄市(非原住民地區)
114臺北市內湖區堤頂大道2段407巷20弄1、3、5、7號10樓，及407巷22、24、26號10樓及407巷22號10樓之1,臺中市(非原住民地區)
807高雄市三民區民族一路80號10樓之3,臺北市(非原住民地區)
111臺北市士林區忠誠路2段66號4樓,臺北市(非原住民地區)
236新北市土城區中正路13號2樓,臺北市(非原住民地區)
105臺北市松山區南京東路4段126號10樓、10樓之1至之3,臺北市(非原住民地區)
105臺北市松山區南京東路4段126號10樓、10樓之1至之3,臺北市(非原住民地區)
104臺北市中山區南京東路3段130號5樓,臺北市(非原住民地區)
104臺北市中山區松江路192號10樓之1,臺中市(非原住民地區)
420臺中市豐原區豐榮里源豐路158號1樓,臺中市(非原住民地區)
234新北市永和區福和路19巷4號,臺北市(非原住民地區)
248新北市五股區中興路1段8號6樓,宜蘭縣(非原住民地區)
221新北市汐止區福德三路369號12樓,臺中市(非原住民地區)
330桃園市桃園區豐林里介壽路22號,臺中市(非原住民地區)
407臺中市西屯區臺灣大道三段658號5樓之1,臺北市(非原住民地區)
110臺北市信義區基隆路1段159號16樓之1,宜蘭縣(非原住民地區)
300新竹市東區新竹科學園區新竹市園區二路57號1樓,臺北市(非原住民地區)
100臺北市中正區重慶南路1段57號9樓之10,宜蘭縣(非原住民地區)
100臺北市中正區忠孝東路1段83號19樓之3,臺北市(非原住民地區)
235新北市中和區中正路736號12樓之4,臺北市(非原住民地區)
103臺北市大同區重慶北路二段207號2樓之1,臺北市(非原住民地區)
104臺北市中山區復興北路48號3樓,高雄市(非原住民地區)
235新北市中和區中原里中正路880號14樓之5,宜蘭縣(非原住民地區)
114臺北市內湖區堤頂大道2段407巷20弄1、3、5、7號10樓，及407巷22、24、26號10樓及407巷22號10樓之1,新竹市(非原住民地區)
403臺中市西區和龍里臺灣大道二段2號12樓之3,臺中市(非原住民地區)
244新北市林口區文化二路1段266號19樓之2,臺北市(非原住民地區)
115臺北市南港區經貿一路170號18樓及18樓之1、之2、之3,臺北市(非原住民地區)
105臺北市松山區南京東路4段126號10樓、10樓之1至之3,臺北市(非原住民地區)
105臺北市松山區敦化北路167號14樓,高雄市(非原住民地區)
110臺北市信義區松德路74號8樓,臺北市(非原住民地區)
114臺北市內湖區洲子街79之1號4樓,新竹市(非原住民地區)
115臺北市南港區忠孝東路7段508號5樓,臺北市(非原住民地區)
437臺中市大甲區日南里工十路2號,臺北市(非原住民地區)
114臺北市內湖區堤頂大道2段407巷20弄1、3、5、7號10樓，及407巷22、24、26號10樓及407巷22號10樓之1,臺北市(非原住民地區)
106臺北市大安區瑞安街135巷11號1樓,高雄市(非原住民地區)
220新北市板橋區深丘里中山路一段156號18樓,臺南市(非原住民地區)
106臺北市大安區和平東路3段422號1樓,臺北市(非原住民地區)
235新北市中和區立德街152號5樓,臺北市(非原住民地區)
248新北市五股區五權七路14號之1,臺北市(非原住民地區)
807高雄市三民區九如一路502號27樓之3,臺北市(非原住民地區)
105臺北市松山區南京東路4段126號10樓、10樓之1至之3,臺北市(非原住民地區)
100臺北市中正區羅斯福路2段100號5樓,臺北市(非原住民地區)
632雲林縣虎尾鎮平和里29鄰平和58-13號,高雄市(非原住民地區)
114臺北市內湖區臺北市內湖區瑞光路578,臺中市(非原住民地區)
220新北市板橋區深丘里中山路一段156號18樓,臺南市(非原住民地區)
104臺北市中山區松江路65號4樓,屏東縣(非原住民地區)
406臺中市北屯區文心路3段447號23樓,雲林縣(非原住民地區)
242新北市新莊區後港一路141號1樓至2樓;143號1樓至2樓,臺北市(非原住民地區)
106臺北市大安區復興南路1段321號5樓之1,臺北市(非原住民地區)
242新北市新莊區新北大道3段7號7樓之1,高雄市(非原住民地區)
104臺北市中山區長春路59號7樓,臺中市(非原住民地區)
830高雄市鳳山區誠愛路13號1樓,屏東縣(非原住民地區)
105臺北市松山區民權東路3段142號13樓之3,臺中市(非原住民地區)
100臺北市中正區開封街1段69號,高雄市(非原住民地區)
104臺北市中山區南京東路三段200號8、9樓,臺中市(非原住民地區)
632雲林縣虎尾鎮中部科學園區科虎一路8號,南投縣(非原住民地區)
115臺北市南港區南港路2段99之15號1、2樓,高雄市(非原住民地區)
807高雄市三民區合江街19號1樓,高雄市(非原住民地區)
104臺北市中山區新生北路2段41巷14號1樓,高雄市(非原住民地區)
235新北市中和區中正路880號17樓之1,高雄市(非原住民地區)
220新北市板橋區三民路1段22號,臺北市(非原住民地區)
235新北市中和區中正路880號17樓之1,高雄市(非原住民地區)
234新北市永和區民權路53號6樓,金門縣(非原住民地區)
111臺北市士林區承德路4段150號3樓,臺北市(非原住民地區)
115臺北市南港區園區街3號12樓,臺北市(非原住民地區)
408臺中市南屯區精科南路99號5樓之2,彰化縣(非原住民地區)
105臺北市松山區民生東路3段128號5樓,臺南市(非原住民地區)
235新北市中和區中原里中正路880號14樓之5,高雄市(非原住民地區)
105臺北市松山區南京東路4段126號10樓、10樓之1至之3,桃園市(非原住民地區)
114臺北市內湖區文德路66巷14弄14號地下樓,屏東縣(非原住民地區)
115臺北市南港區園區街3號10樓之3,臺中市(非原住民地區)
114臺北市內湖區民權東路6段15巷39號4樓,彰化縣(非原住民地區)
104臺北市中山區南京東路三段200號8、9樓,臺南市(非原住民地區)
115臺北市南港區園區街3-1號3樓,桃園市(非原住民地區)
103臺北市大同區承德路3段267號7樓,臺北市(非原住民地區)
106臺北市大安區敦化南路2段180號5樓,彰化縣(非原住民地區)
103臺北市大同區承德路3段267號7樓,臺北市(非原住民地區)
402臺中市南區臺中市南區高工二街102號1,2樓,高雄市(非原住民地區)
106臺北市大安區金山南路2段12號5樓之5,臺北市(非原住民地區)
105臺北市松山區南京東路4段126號10樓、10樓之1至之3,臺北市(非原住民地區)
221新北市汐止區新台五路1段97號24樓之8,臺北市(非原住民地區)
105臺北市松山區南京東路4段126號10樓、10樓之1至之3,臺北市(非原住民地區)
807高雄市三民區鼎華路163號5樓之5,高雄市(非原住民地區)
115臺北市南港區重陽路223號5樓,高雄市(非原住民地區)
404臺中市北區建興里德化街133號3樓,高雄市(非原住民地區)
220新北市板橋區三民路2段37號18樓之1,花蓮縣(原住民地區)
114臺北市內湖區瑞光路335號9樓,臺北市(非原住民地區)
105臺北市松山區南京東路4段186號6樓之8,臺南市(非原住民地區)
110臺北市信義區東興路61號2樓,臺中市(非原住民地區)
104臺北市中山區南京東路3段130號5樓,宜蘭縣(非原住民地區)
106臺北市大安區樂業街15巷2號1樓,臺北市(非原住民地區)
406臺中市北屯區水湳里麻園西街55之1號,臺中市(非原住民地區)
110臺北市信義區忠孝東路5段68號20樓,臺北市(非原住民地區)
104臺北市中山區民權西路11號3樓之1,臺北市(非原住民地區)
105臺北市松山區南京東路4段126號10樓、10樓之1至之3,屏東縣(非原住民地區)
235新北市中和區建一路166號10樓之3,臺北市(非原住民地區)
111臺北市士林區忠誠路2段66號4樓,臺北市(非原住民地區)
114臺北市內湖區新湖二路168號4樓,臺北市(非原住民地區)
710臺南市永康區東橋里東橋三路126號3樓之1,高雄市(非原住民地區)
701臺南市東區自由路二段41號1樓,臺南市(非原住民地區)
105臺北市松山區南京東路4段126號10樓、10樓之1至之3,臺南市(非原住民地區)
105臺北市松山區南京東路4段126號10樓、10樓之1至之3,臺中市(非原住民地區)
110臺北市信義區松仁路100號38樓,高雄市(非原住民地區)
106臺北市大安區敦化南路2段180號5樓,高雄市(非原住民地區)
115臺北市南港區經貿一路170號18樓及18樓之1、之2、之3,臺北市(非原住民地區)
304新竹縣新豐鄉鳳坑村坑子口673號,高雄市(非原住民地區)
104臺北市中山區長春路59號7樓,高雄市(非原住民地區)
437臺中市大甲區日南里東一街18號,高雄市(非原住民地區)
105臺北市松山區南京東路4段126號10樓、10樓之1至之3,臺北市(非原住民地區)
105臺北市松山區南京東路4段126號10樓、10樓之1至之3,苗栗縣(非原住民地區)
807高雄市三民區九如一路502號27樓之3,臺北市(非原住民地區)
104臺北市中山區民生東路三段2號12樓,臺中市(非原住民地區)
244新北市林口區文化二路1段266號19樓之2,臺中市(非原住民地區)
104臺北市中山區敬業一路139號5樓之7,基隆市(非原住民地區)
114臺北市內湖區內湖路1段411巷89弄1號1樓,高雄市(非原住民地區)
116臺北市文山區一壽街62號,新竹市(非原住民地區)
104臺北市中山區林森北路627號3樓之3,其他
235新北市中和區中正路880號17樓之1,臺北市(非原住民地區)
104臺北市中山區民生東路3段2號8樓,臺中市(非原住民地區)
115臺北市南港區忠孝東路7段508號5樓,臺北市(非原住民地區)
104臺北市中山區松江路106號4樓,臺北市(非原住民地區)
406臺中市北屯區綏遠路二段216之5號6樓、216號地下一層,臺北市(非原住民地區)
105臺北市松山區南京東路4段126號10樓、10樓之1至之3,臺北市(非原住民地區)
114臺北市內湖區堤頂大道2段407巷20弄1、3、5、7號10樓，及407巷22、24、26號10樓及407巷22號10樓之1,新北市(非原住民地區)
114臺北市內湖區堤頂大道2段407巷20弄1、3、5、7號10樓，及407巷22、24、26號10樓及407巷22號10樓之1,臺北市(非原住民地區)
234新北市永和區自由街六四號十樓,臺中市(非原住民地區)
114臺北市內湖區堤頂大道2段407巷20弄1、3、5、7號10樓，及407巷22、24、26號10樓及407巷22號10樓之1,臺北市(非原住民地區)
104臺北市中山區臺北市中山區南京東路2段137號14樓,臺中市(非原住民地區)
231新北市新店區北新路三段207號12樓,臺北市(非原住民地區)
104臺北市中山區敬業一路139號5樓之7,臺北市(非原住民地區)
406臺中市北屯區臺中市北屯區麻園西街55-1號,臺中市(非原住民地區)
104臺北市中山區松江路338號7樓,臺北市(非原住民地區)
105臺北市松山區南京東路4段126號10樓、10樓之1至之3,基隆市(非原住民地區)
105臺北市松山區南京東路4段126號10樓、10樓之1至之3,高雄市(非原住民地區)
106臺北市大安區復興南路1段360號7樓之3,臺北市(非原住民地區)
235新北市中和區中原里中正路880號14樓之5,宜蘭縣(非原住民地區)
104臺北市中山區敬業一路139號5樓之7,高雄市(非原住民地區)
802高雄市苓雅區建民路21號,臺中市(非原住民地區)
114臺北市內湖區民權東路6段15巷39號4樓,臺中市(非原住民地區)
111臺北市士林區承德路4段81號3樓之1,臺北市(非原住民地區)
807高雄市三民區九如一路502號27樓之3,臺北市(非原住民地區)
105臺北市松山區南京東路4段126號10樓、10樓之1至之3,臺北市(非原住民地區)
114臺北市內湖區陽光街365巷37號6樓,臺北市(非原住民地區)
241新北市三重區溪尾街14號5樓之7,臺北市(非原住民地區)
234新北市永和區中山路1段172號10樓,臺北市(非原住民地區)
105臺北市松山區南京東路4段126號10樓、10樓之1至之3,臺北市(非原住民地區)
104臺北市中山區民生東路1段58號8樓之2,桃園市(非原住民地區)
105臺北市松山區民權東路3段142號13樓之3,宜蘭縣(非原住民地區)
104臺北市中山區敬業一路139號5樓之7,臺北市(非原住民地區)
807高雄市三民區民族一路80號19樓之1、2,屏東縣(非原住民地區)
420臺中市豐原區南陽里永康路228號1樓,臺北市(非原住民地區)
105臺北市松山區南京東路4段126號10樓、10樓之1至之3,高雄市(非原住民地區)
104臺北市中山區民生東路1段58號8樓之2,桃園市(非原住民地區)
807高雄市三民區民族一路80號19樓之1、2,臺南市(非原住民地區)
242新北市新莊區福基里新北大道2段217號13樓,花蓮縣(原住民地區)
242新北市新莊區中正路229號,臺北市(非原住民地區)
234新北市永和區中山路1段170號9樓,臺北市(非原住民地區)
110臺北市信義區松德路74號8樓,臺中市(非原住民地區)
110臺北市信義區松德路74號8樓,其他
104臺北市中山區松江路192號10樓之1,宜蘭縣(非原住民地區)
104臺北市中山區民權東路3段58號12樓之2,臺北市(非原住民地區)
100臺北市中正區林森南路10號5樓,其他
221新北市汐止區文化里新台五路1段100號14樓,新北市(非原住民地區)
221新北市汐止區大同路2段240號10樓之3,臺中市(非原住民地區)
801高雄市前金區新田路211號2樓,臺中市(非原住民地區)
242新北市新莊區中安街1號7樓之2,桃園市(非原住民地區)
105臺北市松山區塔悠路81號6樓之1,臺北市(非原住民地區)
802高雄市苓雅區林森二路80號11樓,高雄市(非原住民地區)
710臺南市永康區甲頂里正新街58號4樓,宜蘭縣(非原住民地區)
110臺北市信義區松德路74號8樓,臺中市(非原住民地區)
403臺中市西區民龍里臺灣大道二段285號13樓之3,高雄市(非原住民地區)
105臺北市松山區民權東路3段142號13樓之3,宜蘭縣(非原住民地區)
221新北市汐止區新台五路1段75號18樓之7,臺北市(非原住民地區)
248新北市五股區五權三路24號4樓,臺北市(非原住民地區)
114臺北市內湖區堤頂大道2段407巷20弄1、3、5、7號10樓，及407巷22、24、26號10樓及407巷22號10樓之1,桃園市(非原住民地區)
105臺北市松山區南京東路4段126號10樓、10樓之1至之3,桃園市(非原住民地區)
406臺中市北屯區綏遠路二段216之5號6樓、216號地下一層,臺北市(非原住民地區)
114臺北市內湖區堤頂大道2段407巷20弄3號5樓,臺中市(非原住民地區)
110臺北市信義區忠孝東路5段68號20樓,高雄市(非原住民地區)
411臺中市太平區合利街20號1樓,臺中市(非原住民地區)
116臺北市文山區羅斯福路6段295號8樓,宜蘭縣(非原住民地區)
406臺中市北屯區平心里瀋陽路3段206號1樓,臺北市(非原住民地區)
104臺北市中山區民權東路3段35號8樓之1,臺北市(非原住民地區)
100臺北市中正區林森北路5巷10之1號6樓,臺北市(非原住民地區)
110臺北市信義區松仁路3號7樓,其他
114臺北市內湖區堤頂大道2段407巷20弄1、3、5、7號10樓，及407巷22、24、26號10樓及407巷22號10樓之1,臺北市(非原住民地區)
105臺北市松山區南京東路4段126號10樓、10樓之1至之3,臺北市(非原住民地區)
231新北市新店區北新路3段207號11樓及207之1號11樓,臺北市(非原住民地區)
802高雄市苓雅區海邊路29號24樓之2,臺北市(非原住民地區)
100臺北市中正區杭州南路1段6巷9號1樓,新北市(非原住民地區)
110臺北市信義區忠孝東路5段550號14樓,高雄市(非原住民地區)
411臺中市太平區新高里廣三街68號1樓,臺中市(非原住民地區)
100臺北市中正區羅斯福路2段100號5樓,臺中市(非原住民地區)
114臺北市內湖區瑞光路335號11樓,臺中市(非原住民地區)
235新北市中和區建八路165號2樓,臺中市(非原住民地區)
407臺中市西屯區臺中市西屯區是正北路二段282號13樓之7,臺中市(非原住民地區)
241新北市三重區重新路5段609巷2號8樓之2,臺北市(非原住民地區)
104臺北市中山區中山北路3段31號6樓,臺北市(非原住民地區)
110臺北市信義區忠孝東路4段560號3樓,臺北市(非原住民地區)
244新北市林口區三民路15之1號,高雄市(非原住民地區)
100臺北市中正區羅斯福路2段100號5樓,臺北市(非原住民地區)
115臺北市南港區成功路1段32號4樓之1,宜蘭縣(非原住民地區)
241新北市三重區成功路50巷8號,臺南市(非原住民地區)
111臺北市士林區至誠路2段22號1樓,高雄市(非原住民地區)
235新北市中和區中正路880號17樓之1,臺中市(非原住民地區)
221新北市汐止區新台五路1段93號9樓之9,臺北市(非原住民地區)
243新北市泰山區泰林路2段542巷1弄27號,高雄市(非原住民地區)
114臺北市內湖區民權東路6段15巷39號4樓,高雄市(非原住民地區)
403臺中市西區廣民里樂群街54之1號1樓,臺中市(非原住民地區)
112臺北市北投區文林北路112號3樓,臺北市(非原住民地區)
804高雄市鼓山區明華路251號10樓,高雄市(非原住民地區)
114臺北市內湖區新湖一路36巷28號6樓,桃園市(非原住民地區)
710臺南市永康區環工路9號,新竹縣(非原住民地區)
105臺北市松山區南京東路4段126號10樓、10樓之1至之3,臺北市(非原住民地區)
244新北市林口區文化二路1段266號19樓之2,臺北市(非原住民地區)
403臺中市西區臺中市西區樂群街54-1號1樓,臺中市(非原住民地區)
104臺北市中山區中山北路2段26巷10號1樓,臺中市(非原住民地區)
105臺北市松山區南京東路4段126號10樓、10樓之1至之3,臺北市(非原住民地區)
115臺北市南港區園區街3號10樓之3,新北市(非原住民地區)
404臺中市北區雙十路二段101號4樓之1,臺中市(非原住民地區)
114臺北市內湖區舊宗路二段171巷17號4樓,臺北市(非原住民地區)
248新北市五股區中興路1段8號6樓,臺東縣台東市(原住民地區)
115臺北市南港區經貿一路170號18樓及18樓之1、之2、之3,臺北市(非原住民地區)
105臺北市松山區南京東路4段126號10樓、10樓之1至之3,臺北市(非原住民地區)
114臺北市內湖區瑞光路578號5樓,桃園市(非原住民地區)
104臺北市中山區復興北路48號3樓,臺北市(非原住民地區)
104臺北市中山區民生東路1段58號9樓之1,新北市(非原住民地區)
115臺北市南港區經貿一路170號18樓及18樓之1、之2、之3,臺北市(非原住民地區)
104臺北市中山區長安東路1段18號8樓,新北市(非原住民地區)
235新北市中和區中正路７３６號４樓之２,高雄市(非原住民地區)
231新北市新店區寶橋路148號6樓,高雄市(非原住民地區)
111臺北市士林區至誠路2段22號1樓,高雄市(非原住民地區)
105臺北市松山區南京東路4段16號11樓,臺北市(非原住民地區)
104臺北市中山區民權東路3段35號16樓,臺北市(非原住民地區)
105臺北市松山區八德路4段678號5樓,臺北市(非原住民地區)
235新北市中和區中正路７３６號４樓之２,其他
235新北市中和區中山路2段348巷8號10樓,臺中市(非原住民地區)
103臺北市大同區承德路1段46號3樓,宜蘭縣(非原住民地區)
114臺北市內湖區內湖路1段411巷89弄1號1樓,彰化縣(非原住民地區)
100臺北市中正區紹興北街5號5樓之1,臺北市(非原住民地區)
511彰化縣社頭鄉三民路40號,屏東縣(非原住民地區)
115臺北市南港區經貿一路170號18樓及18樓之1、之2、之3,高雄市(非原住民地區)
231新北市新店區北新路3段207號11樓及207之1號11樓,高雄市(非原住民地區)
105臺北市松山區光復北路9號4樓之1,新北市(非原住民地區)
813高雄市左營區民族一路960巷3號3樓,臺南市(非原住民地區)
241新北市三重區重新路5段609巷18號8樓,屏東縣(非原住民地區)
104臺北市中山區民生東路3段2號10、11樓,臺北市(非原住民地區)
244新北市林口區文化一路1段93號3樓之2,屏東縣(非原住民地區)
712臺南市新化區中山路1001號,宜蘭縣(非原住民地區)
105臺北市松山區敦化北路170號8樓,基隆市(非原住民地區)
114臺北市內湖區港華街133號2樓,新竹市(非原住民地區)
702臺南市南區彰南里新孝路197號、199號,臺南市(非原住民地區)
100臺北市中正區杭州南路1段6巷9號1樓,臺北市(非原住民地區)
600嘉義市西區育人路685號1樓,臺北市(非原住民地區)
114臺北市內湖區南京東路6段461號6樓之5,臺北市(非原住民地區)
105臺北市松山區南京東路4段126號10樓、10樓之1至之3,屏東縣(非原住民地區)
813高雄市左營區大中一路412號1樓,高雄市(非原住民地區)
236新北市土城區中正路13號2樓,高雄市(非原住民地區)
333桃園市龜山區文化三路78巷38號,臺北市(非原住民地區)
114臺北市內湖區內湖路1段411巷89弄1號1樓,高雄市(非原住民地區)
813高雄市左營區榮總路420號1樓,高雄市(非原住民地區)
104臺北市中山區民權西路11號11樓之2,高雄市(非原住民地區)
807高雄市三民區民族一路80號19樓之1、2,臺南市(非原住民地區)
114臺北市內湖區新湖二路191巷17號,連江縣(非原住民地區)
105臺北市松山區八德路3段219號8樓、11樓,彰化縣(非原住民地區)
220新北市板橋區三民路1段216號12樓,屏東縣(非原住民地區)
242新北市新莊區建國一路310號2樓,高雄市(非原住民地區)
100臺北市中正區忠孝東路1段176號10樓,高雄市(非原住民地區)
110臺北市信義區松仁路100號38樓,高雄市(非原住民地區)
114臺北市內湖區民權東路6段15巷39號4樓,屏東縣(非原住民地區)
100臺北市中正區金門街24巷16之1號1樓,臺中市(非原住民地區)
114臺北市內湖區堤頂大道2段407巷20弄1、3、5、7號10樓，及407巷22、24、26號10樓及407巷22號10樓之1,高雄市(非原住民地區)
105臺北市松山區復興北路15號13樓之1,臺北市(非原住民地區)
114臺北市內湖區瑞光路578號5樓,臺北市(非原住民地區)
114臺北市內湖區瑞光路578號5樓,臺北市(非原住民地區)
116臺北市文山區景興路222號8樓之2,高雄市(非原住民地區)
114臺北市內湖區堤頂大道2段407巷20弄1、3、5、7號10樓，及407巷22、24、26號10樓及407巷22號10樓之1,臺中市(非原住民地區)
248新北市五股區五權七路14號之1,臺中市(非原住民地區)
509彰化縣伸港鄉溪底村興工路51號,臺北市(非原住民地區)
241新北市三重區重新路5段609巷2號8樓之2,高雄市(非原住民地區)
110臺北市信義區信義路4段415號7樓之3,臺北市(非原住民地區)
105臺北市松山區南京東路4段126號10樓、10樓之1至之3,臺北市(非原住民地區)
114臺北市內湖區堤頂大道2段407巷20弄3號5樓,臺北市(非原住民地區) 
105臺北市松山區南京東路4段126號10樓、10樓之1至之3,臺北市(非原住民地區)
105臺北市松山區南京東路4段126號10樓、10樓之1至之3,高雄市(非原住民地區)
221新北市汐止區新台五路1段97號24樓之8,高雄市(非原住民地區)
104臺北市中山區南京東路3段189號8樓,臺北市(非原住民地區)
235新北市中和區中山路2段348巷8號10樓,臺北市(非原住民地區)
104臺北市中山區錦州街4巷1號1樓,臺北市(非原住民地區)
115臺北市南港區經貿一路170號18樓及18樓之1、之2、之3,臺北市(非原住民地區)
404臺中市北區中清路一段447號19樓之1,臺中市(非原住民地區)
110臺北市信義區松仁路100號38樓,高雄市(非原住民地區)
105臺北市松山區南京東路4段126號10樓、10樓之1至之3,桃園市(非原住民地區)
105臺北市松山區南京東路5段188號9樓之12,臺北市(非原住民地區)
235新北市中和區中正路880號17樓之1,臺中市(非原住民地區)
104臺北市中山區長春路59號7樓,宜蘭縣(非原住民地區)
106臺北市大安區忠孝東路4段221號10樓,臺東縣台東市(原住民地區)
115臺北市南港區忠孝東路7段508號4樓之1,臺北市(非原住民地區)
234新北市永和區民權路53號6樓,臺中市(非原住民地區) 
105臺北市松山區南京東路4段126號10樓、10樓之1至之3,新北市(非原住民地區)
407臺中市西屯區臺灣大道四段925號7樓之5,臺中市(非原住民地區)
110臺北市信義區忠孝東路5段1之3號10樓,臺北市(非原住民地區)
242新北市新莊區建國一路310號2樓,臺北市(非原住民地區)
242新北市新莊區後港一路141號1樓至2樓;143號1樓至2樓,臺北市(非原住民地區)
221新北市汐止區康寧街169巷31號4樓之1,臺北市(非原住民地區)
324桃園市平鎮區湧豐里工業三路20之1號,臺中市(非原住民地區)
806高雄市前鎮區復興四路12號10樓之17,桃園市(非原住民地區)
114臺北市內湖區堤頂大道2段407巷20弄1、3、5、7號10樓，及407巷22、24、26號10樓及407巷22號10樓之1,臺北市(非原住民地區)
802高雄市苓雅區建民路21號,臺中市(非原住民地區)
106臺北市大安區敦化南路二段216號8樓,基隆市(非原住民地區)
105臺北市松山區南京東路4段51號4樓,新竹市(非原住民地區)
114臺北市內湖區新湖一路71號7樓,臺北市(非原住民地區)
114臺北市內湖區堤頂大道2段407巷20弄1、3、5、7號10樓，及407巷22、24、26號10樓及407巷22號10樓之1,臺北市(非原住民地區)
221新北市汐止區新台五路1段97號24樓之8,臺北市(非原住民地區)
231新北市新店區建國路268號4樓,臺北市(非原住民地區)
105臺北市松山區南京東路4段126號10樓、10樓之1至之3,臺北市(非原住民地區)
105臺北市松山區南京東路4段126號10樓、10樓之1至之3,臺北市(非原住民地區)
103臺北市大同區承德路1段70之1號13樓之1,臺北市(非原住民地區)
831高雄市大寮區華中路40號,高雄市(非原住民地區)
237新北市三峽區二鬮路136巷22弄1號,臺北市(非原住民地區)
104臺北市中山區民生東路3段2號9樓之1,臺中市(非原住民地區)
702臺南市南區金華里金華路2段147巷37弄29號5樓,基隆市(非原住民地區)
105臺北市松山區南京東路4段126號10樓、10樓之1至之3,桃園市(非原住民地區)
402臺中市南區福順里忠明南路789號11樓之2,臺中市(非原住民地區)
408臺中市南屯區春社里嶺東路27號,宜蘭縣(非原住民地區)
110臺北市信義區臺北市信義區忠孝東路五段1-1號13樓,臺中市(非原住民地區)
104臺北市中山區民權東路3段37號11樓,高雄市(非原住民地區)
105臺北市松山區民生東路3段128號5樓、5樓之1及5樓之2,臺北市(非原住民地區)
516彰化縣埔鹽鄉新興村安興路55號2樓,臺中市(非原住民地區)
106臺北市大安區敦化南路2段180號8樓,臺中市(非原住民地區)
330桃園市桃園區豐林里介壽路22號,臺中市(非原住民地區)
807高雄市三民區九如一路502號27樓之3,高雄市(非原住民地區)
105臺北市松山區南京東路4段126號10樓、10樓之1至之3,臺北市(非原住民地區)
103臺北市大同區赤峰街3巷24號3樓,新竹市(非原住民地區)
105臺北市松山區民權東路3段142號11樓之2,臺中市(非原住民地區)
115臺北市南港區忠孝東路7段508號5樓,臺中市(非原住民地區)
114臺北市內湖區行愛路88號5樓,屏東縣(非原住民地區)
110臺北市信義區基隆路2段133號4樓,臺中市(非原住民地區)
105臺北市松山區敦化南路一段2號2樓,臺南市(非原住民地區)
106臺北市大安區復興南路二段363號5樓,臺北市(非原住民地區)
104臺北市中山區新生北路3段7號9樓之1,其他
110臺北市信義區基隆路1段398號2樓,臺中市(非原住民地區)
106臺北市大安區復興南路2段268號2樓之4,金門縣(非原住民地區)
248新北市五股區中興路1段8之3號,臺中市(非原住民地區)
235新北市中和區中正路880號17樓之1,臺中市(非原住民地區)
403臺中市西區五權路2-107號19樓,臺中市(非原住民地區)
813高雄市左營區博愛三路12號21樓,屏東縣(非原住民地區)
100臺北市中正區和平西路1段100號14樓之3,宜蘭縣(非原住民地區)
308新竹縣寶山鄉園區二路57號1樓,宜蘭縣(非原住民地區)
108臺北市萬華區中華路1段202號7樓之2、7樓之3,臺北市(非原住民地區)
105臺北市松山區南京東路4段126號10樓、10樓之1至之3,金門縣(非原住民地區)
235新北市中和區中原里中正路880號14樓之5,臺南市(非原住民地區)
100臺北市中正區仁愛路二段99號11樓,屏東縣(非原住民地區)
235新北市中和區中山路2段348巷8號10樓,桃園市(非原住民地區)
106臺北市大安區復興南路1段237號12樓之1,臺中市(非原住民地區)
234新北市永和區民權路53號6樓,臺中市(非原住民地區)
235新北市中和區中原里中正路880號14樓之5,高雄市(非原住民地區)
104臺北市中山區中山北路2段96號12樓,臺北市(非原住民地區)
408臺中市南屯區精科五路3號5樓,金門縣(非原住民地區)
103臺北市大同區承德路1段70之1號13樓之1,臺北市(非原住民地區)
235新北市中和區中正路880號17樓之1,臺北市(非原住民地區)
241新北市三重區中正北路193巷35弄37號(1樓),臺中市(非原住民地區)
104臺北市中山區中山北路2段96號12樓,臺南市(非原住民地區)
433臺中市沙鹿區大同街8之2號1樓,新竹縣(非原住民地區)
970花蓮縣花蓮市國盛里國盛一街164號一樓,花蓮縣(原住民地區)
115臺北市南港區市民大道7段8號14樓之1,金門縣(非原住民地區)
241新北市三重區大同南路194號2樓,臺北市(非原住民地區)
114臺北市內湖區堤頂大道2段407巷20弄1、3、5、7號10樓，及407巷22、24、26號10樓及407巷22號10樓之1,金門縣(非原住民地區)
114臺北市內湖區洲子街105號10樓,臺北市(非原住民地區)
105臺北市松山區南京東路4段186號6樓之8,臺南市(非原住民地區)
104臺北市中山區松江路65號4樓,宜蘭縣(非原住民地區)
114臺北市內湖區陽光街365巷37號5樓,臺北市(非原住民地區)
100臺北市中正區仁愛路二段99號11樓,臺中市(非原住民地區)
235新北市中和區中原里中正路880號14樓之5,臺中市(非原住民地區)
303新竹縣湖口鄉工業一路6號,苗栗縣(非原住民地區)
235新北市中和區建康路3號6樓,新北市(非原住民地區)
407臺中市西屯區潮洋里朝富路213號23樓之11,臺中市(非原住民地區)
235新北市中和區中和路366號13樓之1,臺北市(非原住民地區)
437臺中市大甲區中山路1段1191號,臺北市(非原住民地區)
115臺北市南港區園區街3-1號3樓,高雄市(非原住民地區)
114臺北市內湖區基湖路18號9樓,新竹市(非原住民地區)
231新北市新店區中正路四維巷2弄9號2樓,臺南市(非原住民地區)
105臺北市松山區民生東路3段128號5樓、5樓之1及5樓之2,桃園市(非原住民地區)
105臺北市松山區南京東路4段126號10樓、10樓之1至之3,高雄市(非原住民地區)
234新北市永和區民權路53號6樓,臺北市(非原住民地區)
202基隆市中正區中船路112巷59號,基隆市(非原住民地區)
806高雄市前鎮區復興四路2號4樓,高雄市(非原住民地區)
303新竹縣湖口鄉勝利村實踐路3號,新北市(非原住民地區)
235新北市中和區中原里中正路880號14樓之5,高雄市(非原住民地區)
880澎湖縣馬公市重慶里海埔路５號,澎湖縣(非原住民地區)
116臺北市文山區羅斯福路6段295號8樓,臺北市(非原住民地區)
358苗栗縣苑裡鎮玉田里4鄰玉田59之6號,臺北市(非原住民地區)
105臺北市松山區南京東路5段16號3樓,高雄市(非原住民地區)
235新北市中和區中和路366號13樓之1,新北市(非原住民地區)
105臺北市松山區民生東路3段128號5樓、5樓之1及5樓之2,桃園市(非原住民地區)
114臺北市內湖區內湖路1段411巷89弄1號1樓,高雄市(非原住民地區)
300新竹市東區園區二路57號1樓,新竹市(非原住民地區)
235新北市中和區中山路2段348巷8號10樓,臺北市(非原住民地區)
105臺北市松山區南京東路4段126號10樓、10樓之1至之3,臺北市(非原住民地區)
105臺北市松山區南京東路4段126號10樓、10樓之1至之3,臺北市(非原住民地區)
235新北市中和區中原里中正路880號14樓之5,臺北市(非原住民地區)
104臺北市中山區松江路65號4樓,臺北市(非原住民地區)
114臺北市內湖區新湖一路71號7樓,臺北市(非原住民地區)
231新北市新店區民權路78號4樓,臺北市(非原住民地區) 
105臺北市松山區南京東路4段126號10樓、10樓之1至之3,臺北市(非原住民地區)
105臺北市松山區南京東路4段126號10樓、10樓之1至之3,臺北市(非原住民地區)
105臺北市松山區南京東路4段126號10樓、10樓之1至之3,臺北市(非原住民地區)
800高雄市新興區青年一路436號1樓,高雄市(非原住民地區) 
231新北市新店區寶橋路235巷6弄2號9樓,臺南市(非原住民地區)
104臺北市中山區民生東路3段2號10、11樓,臺北市(非原住民地區)
231新北市新店區寶橋路148號6樓,臺北市(非原住民地區)
115臺北市南港區忠孝東路7段508號5樓,臺北市(非原住民地區)
114臺北市內湖區堤頂大道2段407巷20弄3號5樓,臺北市(非原住民地區)
115臺北市南港區忠孝東路7段508號5樓,臺北市(非原住民地區)
220新北市板橋區大同街45號9樓,臺北市(非原住民地區)
105臺北市松山區南京東路4段126號10樓、10樓之1至之3,臺北市(非原住民地區) 
105臺北市松山區南京東路4段126號10樓、10樓之1至之3,臺中市(非原住民地區)
330桃園市桃園區豐林里介壽路22號,臺北市(非原住民地區)
105臺北市松山區南京東路4段126號10樓、10樓之1至之3,臺中市(非原住民地區)
403臺中市西區中部科學園區科園二路19號,臺南市(非原住民地區)
104臺北市中山區林森北路627號3樓之3,其他
104臺北市中山區臺北市中山區松江路65號4樓,臺北市(非原住民地區)
100臺北市中正區重慶南路1段57號7樓之1,新北市(非原住民地區)
234新北市永和區中山路1段174號5樓,新北市(非原住民地區)
115臺北市南港區市民大道7段8號14樓之1,臺北市(非原住民地區)
100臺北市中正區重慶南路3段36巷12號1樓,南投縣(非原住民地區)
105臺北市松山區南京東路4段126號10樓、10樓之1至之3,高雄市(非原住民地區)
106臺北市大安區臥龍街1號8樓之1,高雄市(非原住民地區)
104臺北市中山區民權東路3段35號16樓,臺北市(非原住民地區)
235新北市中和區中原里中正路880號14樓之5,臺北市(非原住民地區)
114臺北市內湖區堤頂大道2段407巷20弄1、3、5、7號10樓，及407巷22、24、26號10樓及407巷22號10樓之1,臺北市(非原住民地區)
221新北市汐止區康寧街169巷31之1號8樓之1及8樓之2,新竹市(非原住民地區)
802高雄市苓雅區建民路21號,臺中市(非原住民地區)
106臺北市大安區羅斯福路三段245號4樓之2,臺北市(非原住民地區)
235新北市中和區中原里中正路880號14樓之5,臺南市(非原住民地區)
103臺北市大同區長安西路45-1號11樓,臺南市(非原住民地區)
114臺北市內湖區民善街127號3樓,臺北市(非原住民地區)
235新北市中和區中原里中正路880號14樓之5,高雄市(非原住民地區)
406臺中市北屯區綏遠路二段216之5號6樓、216號地下一層,臺南市(非原住民地區)
407臺中市西屯區工業區七路15號,高雄市(非原住民地區)
807高雄市三民區九如一路502號27樓之3,臺中市(非原住民地區)
221新北市汐止區大同路2段240號10樓之3,臺中市(非原住民地區)
403臺中市西區五權五街246巷12號3樓,臺中市(非原住民地區)
110臺北市信義區臺北市忠孝東路五段68號20樓A1,高雄市(非原住民地區)
103臺北市大同區承德路3段267號7樓,臺北市(非原住民地區)
105臺北市松山區南京東路4段126號10樓、10樓之1至之3,新北市(非原住民地區)
105臺北市松山區敦化南路一段2號2樓,臺北市(非原住民地區)
104臺北市中山區民生東路3段2號8樓,臺北市(非原住民地區)
814高雄市仁武區德新街67號1樓,雲林縣(非原住民地區)
105臺北市松山區南京東路4段126號10樓、10樓之1至之3,臺北市(非原住民地區)
106臺北市大安區敦化南路2段99號14樓,彰化縣(非原住民地區)
114臺北市內湖區陽光街365巷37號5樓,臺北市(非原住民地區)
807高雄市三民區水源路70巷24號1樓,屏東縣(非原住民地區)
104臺北市中山區民權東路3段37號11樓,臺北市(非原住民地區)
105臺北市松山區南京東路4段126號10樓、10樓之1至之3,臺北市(非原住民地區)
114臺北市內湖區堤頂大道2段407巷20弄1、3、5、7號10樓，及407巷22、24、26號10樓及407巷22號10樓之1,宜蘭縣(非原住民地區)
105臺北市松山區南京東路4段126號10樓、10樓之1至之3,宜蘭縣(非原住民地區)
402臺中市南區平和里南平路122號2樓,臺北市(非原住民地區)
510彰化縣員林市三信里大同路二段291號,臺南市(非原住民地區)
406臺中市北屯區綏遠路二段216之5號6樓、216號地下一層,臺北市(非原住民地區)
116臺北市文山區羅斯福路6段295號8樓,臺北市(非原住民地區)
231新北市新店區寶橋路148號6樓,臺北市(非原住民地區)
221新北市汐止區大同路2段240號10樓之3,臺北市(非原住民地區)
330桃園市桃園區中信里中山路956巷116號,臺北市(非原住民地區)
325桃園市龍潭區中興路317巷74弄1衖9號1樓,花蓮縣(原住民地區)
505彰化縣鹿港鎮頂厝里鹿東路359號1樓,彰化縣(非原住民地區)
241新北市三重區六張街6巷1號,新北市(非原住民地區) 
114臺北市內湖區堤頂大道2段407巷20弄1、3、5、7號10樓，及407巷22、24、26號10樓及407巷22號10樓之1,臺北市(非原住民地區)
106臺北市大安區忠孝東路4段285號5樓,臺北市(非原住民地區)
106臺北市大安區忠孝東路4段285號5樓,臺北市(非原住民地區)
407臺中市西屯區臺中市西屯區台灣大道四段925號9樓之1,臺中市(非原住民地區)
104臺北市中山區新生北路3段42號2樓,臺北市(非原住民地區)
105臺北市松山區南京東路4段126號10樓、10樓之1至之3,雲林縣(非原住民地區)
115臺北市南港區忠孝東路6段21號8樓之1,臺北市(非原住民地區)
105臺北市松山區南京東路4段126號10樓、10樓之1至之3,臺北市(非原住民地區)
404臺中市北區明德里忠明路211號11樓之3,高雄市(非原住民地區)
114臺北市內湖區堤頂大道2段407巷20弄1、3、5、7號10樓，及407巷22、24、26號10樓及407巷22號10樓之1,臺北市(非原住民地區)
231新北市新店區民權路78號4樓,金門縣(非原住民地區)
116臺北市文山區羅斯福路6段295號8樓,臺北市(非原住民地區)
112臺北市北投區三合街1段117巷38弄18號3樓,臺北市(非原住民地區)
105臺北市松山區南京東路4段126號10樓、10樓之1至之3,金門縣(非原住民地區)
244新北市林口區源泉街56號,基隆市(非原住民地區)
114臺北市內湖區陽光街365巷37號5樓,臺北市(非原住民地區)
100臺北市中正區忠孝西路一段80號19樓,基隆市(非原住民地區)
244新北市林口區三民路15之1號,臺南市(非原住民地區)
103臺北市大同區承德路1段70之1號13樓之1,臺中市(非原住民地區)
701臺南市東區林森路1段395號7樓之2,屏東縣(非原住民地區)
333桃園市龜山區龍華里萬壽路一段492號7樓之1,高雄市(非原住民地區)
244新北市林口區文化二路1段266號19樓之2,臺北市(非原住民地區)
111臺北市士林區忠誠路2段46之1號2樓,臺北市(非原住民地區)
114臺北市內湖區瑞光路407號5樓,臺北市(非原住民地區)
105臺北市松山區敦化北路311號4樓,臺北市(非原住民地區)
115臺北市南港區成功路1段32號4樓之1,臺北市(非原住民地區)
114臺北市內湖區瑞光路578號5樓,臺北市(非原住民地區)
100臺北市中正區和平西路1段100號14樓之3,臺北市(非原住民地區)
407臺中市西屯區協和里工業區四十路61之1號,其他
105臺北市松山區南京東路4段126號10樓、10樓之1至之3,屏東縣(非原住民地區)
105臺北市松山區南京東路4段126號10樓、10樓之1至之3,苗栗縣(非原住民地區)
110臺北市信義區基隆路1段155號13樓之5,臺北市(非原住民地區)
269宜蘭縣冬山鄉中山村中山路84號,臺北市(非原住民地區)
115臺北市南港區園區街3-1號3樓,桃園市(非原住民地區)
104臺北市中山區民生東路2段176號6樓,桃園市(非原住民地區)
103臺北市大同區環河北路2段35號2樓,新北市(非原住民地區)
110臺北市信義區福德街84巷7之1號1樓,臺北市(非原住民地區)
104臺北市中山區新生北路3段11巷43號1樓,臺北市(非原住民地區)
221新北市汐止區康寧街169巷31號4樓之2,臺北市(非原住民地區)
104臺北市中山區中山北路2段96號12樓,宜蘭縣(非原住民地區)
106臺北市大安區和平東路3段258號4樓,臺中市(非原住民地區)
221新北市汐止區康寧街169巷31之1號8樓之1及8樓之2,臺北市(非原住民地區)
403臺中市西區中部科學園區科園二路19號,其他
403臺中市西區公館里三民路一段36號4樓之19,臺中市(非原住民地區)
105臺北市松山區南京東路4段126號10樓、10樓之1至之3,高雄市(非原住民地區)
220新北市板橋區深丘里中山路一段156號18樓,臺南市(非原住民地區)
104臺北市中山區新生北路3段11巷43號1樓,臺北市(非原住民地區)
802高雄市苓雅區中正一路120號11樓之4,高雄市(非原住民地區)
248新北市五股區五權七路14號之1,高雄市(非原住民地區)
115臺北市南港區園區街3號16樓,臺北市(非原住民地區)
100臺北市中正區仁愛路二段99號11樓,高雄市(非原住民地區)
833高雄市鳥松區和盛東街68號2樓,高雄市(非原住民地區)
105臺北市松山區南京東路4段126號10樓、10樓之1至之3,臺北市(非原住民地區)
333桃園市龜山區龍華里萬壽路一段492號7樓之1,高雄市(非原住民地區)
105臺北市松山區南京東路4段126號10樓、10樓之1至之3,臺北市(非原住民地區)
104臺北市中山區民生東路3段2號10樓,雲林縣(非原住民地區)
105臺北市松山區南京東路4段126號10樓、10樓之1至之3,嘉義市(非原住民地區)
115臺北市南港區經貿一路170號18樓及18樓之1、之2、之3,高雄市(非原住民地區)
106臺北市大安區羅斯福路3段245號5樓之1,高雄市(非原住民地區)
114臺北市內湖區堤頂大道2段407巷20弄1、3、5、7號10樓，及407巷22、24、26號10樓及407巷22號10樓之1,臺中市(非原住民地區)
235新北市中和區中原里中正路880號14樓之5,臺北市(非原住民地區)
235新北市中和區中原里中正路880號14樓之5,臺北市(非原住民地區)
115臺北市南港區園區街3號16樓,臺北市(非原住民地區) 
105臺北市松山區南京東路4段126號10樓、10樓之1至之3,桃園市(非原住民地區)
110臺北市信義區基隆路1段155號13樓之5,彰化縣(非原住民地區)
114臺北市內湖區內湖路1段411巷89弄1號1樓,彰化縣(非原住民地區)
104臺北市中山區松江路65號4樓,桃園市(非原住民地區)
403臺中市西區公民里五權路2之107號19樓,彰化縣(非原住民地區)
402臺中市南區民意街69號,彰化縣(非原住民地區)
807高雄市三民區民族一路80號10樓之3,臺南市(非原住民地區)
104臺北市中山區民權東路3段37號11樓,桃園市(非原住民地區)
403臺中市西區公民里五權路2之107號19樓,彰化縣(非原住民地區)
806高雄市前鎮區復興四路12號5樓之6,屏東縣(非原住民地區)
505彰化縣鹿港鎮街尾里復興南路30號,彰化縣(非原住民地區)
106臺北市大安區信義路4段6號17樓之3,彰化縣(非原住民地區)
114臺北市內湖區堤頂大道2段407巷20弄1、3、5、7號10樓，及407巷22、24、26號10樓及407巷22號10樓之1,桃園市(非原住民地區)
736臺南市柳營區中埕里柳營路一段662巷31弄101號1樓,臺南市(非原住民地區)
300新竹市東區科學園區園區二路57號1樓,彰化縣(非原住民地區)
403臺中市西區臺灣大道二段545號3樓之2,臺中市(非原住民地區)
402臺中市南區民意街69號,彰化縣(非原住民地區)
435臺中市梧棲區南簡里大智路一段832巷51號1樓,彰化縣(非原住民地區)
802高雄市苓雅區建民路21號,臺北市(非原住民地區)
105臺北市松山區南京東路4段126號10樓、10樓之1至之3,臺中市(非原住民地區)
235新北市中和區中正路880號17樓之1,高雄市(非原住民地區)
807高雄市三民區九如一路502號17樓之1,高雄市(非原住民地區)
516彰化縣埔鹽鄉新興村安興路55號1樓,彰化縣(非原住民地區)
412臺中市大里區科技路168號5樓之1,臺中市(非原住民地區)
404臺中市北區明德里太原南二街175號,臺中市(非原住民地區)
105臺北市松山區南京東路4段126號10樓、10樓之1至之3,桃園市(非原住民地區)
114臺北市內湖區新湖二路168號4樓,臺北市(非原住民地區) 
235新北市中和區中原里中正路880號14樓之5,高雄市(非原住民地區)
110臺北市信義區松德路74號3樓,臺北市(非原住民地區)
103臺北市大同區承德路1段70之1號13樓之1,臺北市(非原住民地區)
105臺北市松山區塔悠路81號6樓之1,臺南市(非原住民地區)
110臺北市信義區永吉路168號12樓之2,臺北市(非原住民地區)
105臺北市松山區南京東路4段126號10樓、10樓之1至之3,臺中市(非原住民地區)
106臺北市大安區臺北市大安區敦化南路二段180號8樓,臺中市(非原住民地區)
231新北市新店區中正路四維巷4號4樓,其他
114臺北市內湖區堤頂大道2段407巷20弄3號5樓,桃園市(非原住民地區)
221新北市汐止區新北市汐止區康寧街169巷31號4樓之1,臺中市(非原住民地區)
114臺北市內湖區臺北市內湖區民權東路六段109號3樓之1,臺中市(非原住民地區)
105臺北市松山區南京東路4段126號10樓、10樓之1至之3,宜蘭縣(非原住民地區)
231新北市新店區寶橋路235巷6弄2號9樓,高雄市(非原住民地區)
600嘉義市東區光正街45號,高雄市(非原住民地區)
114臺北市內湖區陽光街365巷37號5樓,臺北市(非原住民地區)
105臺北市松山區南京東路4段126號10樓、10樓之1至之3,臺北市(非原住民地區)
105臺北市松山區南京東路4段126號10樓、10樓之1至之3,臺北市(非原住民地區)
807高雄市三民區民族一路80號26樓之2,屏東縣(非原住民地區)
500彰化縣彰化市福田里彰南路6段424巷21號,臺北市(非原住民地區)
116臺北市文山區興順街155號,臺北市(非原住民地區)
235新北市中和區中正路880號17樓之1,臺北市(非原住民地區)
804高雄市鼓山區中華一路203號10樓,高雄市(非原住民地區)
238新北市樹林區保安街2段181號7樓,臺北市(非原住民地區)
235新北市中和區中原里中正路880號14樓之5,其他
115臺北市南港區園區街3-1號3樓,臺北市(非原住民地區)
115臺北市南港區園區街3-1號3樓,臺北市(非原住民地區)
105臺北市松山區南京東路4段126號10樓、10樓之1至之3,屏東縣(非原住民地區)
406臺中市北屯區綏遠路二段216之5號6樓、216號地下一層,臺北市(非原住民地區)
106臺北市大安區敦化南路二段180號8F,臺中市(非原住民地區)
500彰化縣彰化市南瑤里中山路二段2號3樓,臺南市(非原住民地區)
114臺北市內湖區內湖路1段411巷89弄1號1樓,屏東縣(非原住民地區)
801高雄市前金區新田路211號2樓,臺中市(非原住民地區)
110臺北市信義區永吉路168號12樓之1,高雄市(非原住民地區)
100臺北市中正區杭州南路1段6巷9號1樓,桃園市(非原住民地區)
114臺北市內湖區民權東路6段109號3樓之1,屏東縣(非原住民地區)
908屏東縣長治鄉德和村6鄰神農路3號,新竹市(非原住民地區)
407臺中市西屯區重慶路289之7號,臺中市(非原住民地區)
221新北市汐止區康寧街281號2樓,臺北市(非原住民地區)
408臺中市南屯區楓樹里永春東二路42之5號1樓,臺中市(非原住民地區)
402臺中市南區高工二街102號1樓、2樓,高雄市(非原住民地區)
105臺北市松山區臺北市松山區敦化南路1段2號2樓,臺中市(非原住民地區)
103臺北市大同區承德路3段267號7樓,臺北市(非原住民地區)
105臺北市松山區南京東路4段126號10樓、10樓之1至之3,臺北市(非原住民地區)
105臺北市松山區臺北市松山區敦化北路170號8樓B室,臺中市(非原住民地區)
406臺中市北屯區平德路1巷31號1樓,臺北市(非原住民地區)
269宜蘭縣冬山鄉中山村中山路84號,臺北市(非原住民地區)
106臺北市大安區光復南路568號11樓,其他
235新北市中和區中原里中正路880號14樓之5,臺北市(非原住民地區)
115臺北市南港區忠孝東路7段508號5樓,臺北市(非原住民地區)
105臺北市松山區南京東路4段126號10樓、10樓之1至之3,臺南市(非原住民地區)
114臺北市內湖區堤頂大道2段407巷20弄1、3、5、7號10樓，及407巷22、24、26號10樓及407巷22號10樓之1,臺南市(非原住民地區)
114臺北市內湖區堤頂大道2段407巷20弄1、3、5、7號10樓，及407巷22、24、26號10樓及407巷22號10樓之1,臺中市(非原住民地區)
427臺中市潭子區潭興路1段3號,臺北市(非原住民地區)
802高雄市苓雅區中正一路120號11樓之4,高雄市(非原住民地區)
105臺北市松山區南京東路4段126號10樓、10樓之1至之3,臺南市(非原住民地區)
104臺北市中山區敬業一路139號5樓之7,臺南市(非原住民地區)
104臺北市中山區民權東路3段58號12樓之2,宜蘭縣(非原住民地區)
115臺北市南港區忠孝東路7段508號5樓,臺北市(非原住民地區)
106臺北市大安區復興南路1段222號9樓,臺北市(非原住民地區)
104臺北市中山區民權東路3段35號8樓之1,臺北市(非原住民地區)
106臺北市大安區忠孝東路3段217巷3弄7號1樓,臺南市(非原住民地區)
114臺北市內湖區陽光街365巷37號5樓,臺北市(非原住民地區)
114臺北市內湖區堤頂大道2段407巷20弄1、3、5、7號10樓，及407巷22、24、26號10樓及407巷22號10樓之1,臺南市(非原住民地區)
114臺北市內湖區瑞光路407號5樓,屏東縣(非原住民地區)
404臺中市北區建德里國強街3號1樓,新竹市(非原住民地區)
106臺北市大安區敦化南路2段180號8樓,臺北市(非原住民地區)
114臺北市內湖區民權東路六段109號3樓之1,臺中市(非原住民地區)
244新北市林口區文化一路1段93號3樓之2,高雄市(非原住民地區)
221新北市汐止區大同路2段145號7樓,臺北市(非原住民地區)
105臺北市松山區南京東路4段126號10樓、10樓之1至之3,臺北市(非原住民地區)
114臺北市內湖區瑞光路407號5樓,屏東縣(非原住民地區)
104臺北市中山區雙城街19巷21號8樓,臺北市(非原住民地區)
404臺中市北區雙十路二段101號4樓之3,高雄市(非原住民地區)
111臺北市士林區重慶北路4段253號2樓,新北市(非原住民地區)
500彰化縣彰化市彰南路二段222號2樓,彰化縣(非原住民地區)
110臺北市信義區臺北市信義區忠孝東路五段1-1號13樓,臺中市(非原住民地區)
406臺中市北屯區水湳里麻園西街55之1號,臺中市(非原住民地區)
115臺北市南港區成功路1段32號4樓之1,臺中市(非原住民地區)
110臺北市信義區基隆路2段23號8樓之1,高雄市(非原住民地區)
104臺北市中山區敬業一路139號5樓之7,臺中市(非原住民地區)
115臺北市南港區市民大道7段8號14樓之1,桃園市(非原住民地區)
104臺北市中山區錦州街4巷1號1樓,臺北市(非原住民地區)
114臺北市內湖區堤頂大道2段407巷20弄1、3、5、7號10樓，及407巷22、24、26號10樓及407巷22號10樓之1,臺北市(非原住民地區)
105臺北市松山區南京東路4段126號10樓、10樓之1至之3,彰化縣(非原住民地區)
406臺中市北屯區綏遠路二段216之5號6樓、216號地下一層,臺北市(非原住民地區)
103臺北市大同區重慶北路2段243號7樓、7樓之1、7樓之2、7樓之3,臺北市(非原住民地區)
802高雄市苓雅區中正一路120號11樓之4,高雄市(非原住民地區)
110臺北市信義區松仁路100號38樓,高雄市(非原住民地區)
807高雄市三民區民族一路80號26樓之2,高雄市(非原住民地區)
231新北市新店區寶橋路148號6樓,高雄市(非原住民地區)
248新北市五股區中興路1段8號6樓,雲林縣(非原住民地區)
244新北市林口區文化三路2段211巷92號（1樓）,宜蘭縣(非原住民地區)
100臺北市中正區杭州南路1段6巷9號1樓,嘉義市(非原住民地區)
407臺中市西屯區福和里臺灣大道四段925號9樓之1,嘉義市(非原住民地區)
320桃園市中壢區環北路398號16樓之2,金門縣(非原住民地區)
100臺北市中正區仁愛路二段99號11樓,臺中市(非原住民地區)
437臺中市大甲區三民路288號1樓,澎湖縣(非原住民地區)
236新北市土城區中央路4段51號4樓之1、之2、之3,臺北市(非原住民地區)
105臺北市松山區南京東路4段126號10樓、10樓之1至之3,高雄市(非原住民地區)
300新竹市北區仁德街93號,高雄市(非原住民地區)
104臺北市中山區中山北路2段115巷43號5樓之4,臺北市(非原住民地區)
114臺北市內湖區洲子街79之1號4樓之1,金門縣(非原住民地區)
105臺北市松山區民生東路3段128號5樓,臺北市(非原住民地區)
105臺北市松山區民權東路3段142號13樓之3,臺中市(非原住民地區)
404臺中市北區中清路一段447號19樓之1,臺中市(非原住民地區)
114臺北市內湖區堤頂大道2段407巷20弄1、3、5、7號10樓，及407巷22、24、26號10樓及407巷22號10樓之1,臺南市(非原住民地區)
811高雄市楠梓區大學二街42巷13號1樓,屏東縣(非原住民地區)
105臺北市松山區南京東路4段126號10樓、10樓之1至之3,臺北市(非原住民地區)
111臺北市士林區德行東路239號,臺北市(非原住民地區)
632雲林縣虎尾鎮中部科學園區科虎一路8號,嘉義市(非原住民地區)
300新竹市東區新竹科學園區新竹市力行五路7號,高雄市(非原住民地區)
304新竹縣新豐鄉鳳坑村坑子口673號,臺南市(非原住民地區)
807高雄市三民區文濱路21號,屏東縣(非原住民地區)
402臺中市南區高工二街102號1樓、2樓,臺中市(非原住民地區)
516彰化縣埔鹽鄉新興村安興路53號,宜蘭縣(非原住民地區)
710臺南市永康區中華路349號11樓之5,臺北市(非原住民地區)
521彰化縣北斗鎮大新里新工一路100號,臺北市(非原住民地區)
105臺北市松山區敦化北路311號2樓,臺北市(非原住民地區)
110臺北市信義區松德路74號8樓,臺北市(非原住民地區)
105臺北市松山區南京東路4段126號10樓、10樓之1至之3,高雄市(非原住民地區)
114臺北市內湖區洲子街79之1號4樓之1,金門縣(非原住民地區)
106臺北市大安區復興南路1段239號12樓之1,臺中市(非原住民地區)
114臺北市內湖區堤頂大道2段407巷20弄1、3、5、7號10樓，及407巷22、24、26號10樓及407巷22號10樓之1,高雄市(非原住民地區)
433臺中市沙鹿區臺中市沙鹿區成功西街3號2樓,臺中市(非原住民地區)
242新北市新莊區後港一路141號1樓至2樓;143號1樓至2樓,桃園市(非原住民地區)
114臺北市內湖區瑞光路316巷56號2樓,臺北市(非原住民地區)
105臺北市松山區南京東路4段126號10樓、10樓之1至之3,嘉義市(非原住民地區)
114臺北市內湖區堤頂大道2段407巷20弄1、3、5、7號10樓，及407巷22、24、26號10樓及407巷22號10樓之1,臺中市(非原住民地區)
100臺北市中正區杭州南路1段6巷9號1樓,花蓮縣(原住民地區)
104臺北市中山區敬業一路139號5樓之7,臺北市(非原住民地區)
407臺中市西屯區臺灣大道三段660號8樓之5、8樓之3,金門縣(非原住民地區)
115臺北市南港區忠孝東路7段508號4樓之3,臺北市(非原住民地區)
110臺北市信義區基隆路1段432號10樓之2,新竹市(非原住民地區)
100臺北市中正區杭州南路1段6巷9號1樓,宜蘭縣(非原住民地區)
105臺北市松山區敦化南路一段2號2樓,臺中市(非原住民地區)
100臺北市中正區忠孝西路一段80號19樓,高雄市(非原住民地區)
235新北市中和區中正路880號17樓之1,屏東縣(非原住民地區)
103臺北市大同區鄭州路139號3樓,高雄市(非原住民地區)
407臺中市西屯區河南路二段327號3樓之1、2、3、5、6,臺中市(非原住民地區)
807高雄市三民區九如一路61號4樓之3,臺南市(非原住民地區)
104臺北市中山區民生東路3段8號6樓,臺中市(非原住民地區)
615嘉義縣六腳鄉蘇厝村5鄰蘇厝寮97號,臺北市(非原住民地區)
110臺北市信義區忠孝東路5段1之1號13樓,臺中市(非原住民地區)
251新北市淡水區中正東路2段29號16樓,臺北市(非原住民地區)
231新北市新店區中興路二段192號12樓,新竹市(非原住民地區)
244新北市林口區文化一路一段93號3樓-2,屏東縣(非原住民地區)
115臺北市南港區南港路2段99之15號1、2樓,苗栗縣(非原住民地區)
114臺北市內湖區內湖路1段411巷89弄1號1樓,臺南市(非原住民地區)
114臺北市內湖區瑞光路335號9樓,臺北市(非原住民地區)
104臺北市中山區敬業一路139號5樓之7,其他
114臺北市內湖區行忠路58號5樓,臺中市(非原住民地區)
103臺北市大同區承德路3段267號7樓,臺北市(非原住民地區)
324桃園市平鎮區湧豐里工業三路20之1號,高雄市(非原住民地區)
115臺北市南港區忠孝東路7段508號5樓,臺北市(非原住民地區)
632雲林縣虎尾鎮中部科學園區科虎一路8號,臺北市(非原住民地區)
106臺北市大安區忠孝東路4段285號5樓,臺北市(非原住民地區)
114臺北市內湖區堤頂大道2段407巷20弄1、3、5、7號10樓，及407巷22、24、26號10樓及407巷22號10樓之1,臺北市(非原住民地區)
100臺北市中正區襄陽路23號8樓,臺北市(非原住民地區)
106臺北市大安區敦化南路2段95號28樓,臺北市(非原住民地區)
324桃園市平鎮區湧豐里工業三路20之1號,高雄市(非原住民地區)
100臺北市中正區和平西路1段100號14樓之3,臺北市(非原住民地區)
114臺北市內湖區堤頂大道2段407巷20弄1、3、5、7號10樓，及407巷22、24、26號10樓及407巷22號10樓之1,臺北市(非原住民地區)
106臺北市大安區光復南路630號5樓,臺中市(非原住民地區)
830高雄市鳳山區中山東路287巷20號1樓,屏東縣(非原住民地區)
234新北市永和區中山路1段110號9樓之1,臺南市(非原住民地區)
111臺北市士林區至誠路2段22號1樓,臺北市(非原住民地區)
830高雄市鳳山區誠義里誠愛路13號1樓,臺北市(非原住民地區)
114臺北市內湖區瑞光路316巷56號2樓,臺南市(非原住民地區)
105臺北市松山區南京東路4段126號10樓、10樓之1至之3,臺北市(非原住民地區)
100臺北市中正區忠孝西路一段80號19樓,高雄市(非原住民地區)
241新北市三重區重新路5段609巷2號8樓之2,宜蘭縣(非原住民地區)
813高雄市左營區榮總路420號1樓,屏東縣(非原住民地區)
106臺北市大安區復興南路2段268號2樓之4,臺北市(非原住民地區)
264宜蘭縣員山鄉員山村金古三路６號一樓,雲林縣(非原住民地區)
406臺中市北屯區綏遠路二段216之5號6樓、216號地下一層,臺中市(非原住民地區)
235新北市中和區中原里中正路880號14樓之5,臺北市(非原住民地區)
251新北市淡水區中正東路2段27之7號21樓,屏東縣(非原住民地區)
114臺北市內湖區成功路4段40號4樓,臺北市(非原住民地區)
105臺北市松山區南京東路4段126號10樓、10樓之1至之3,臺北市(非原住民地區)
437臺中市大甲區中山路一段1191號,臺中市(非原住民地區)
221新北市汐止區新台五路1段96號3樓,高雄市(非原住民地區)
104臺北市中山區敬業一路139號5樓之7,臺中市(非原住民地區)
105臺北市松山區民生東路五段162號4樓之五,新北市(非原住民地區)
404臺中市北區青島路二段25之3號,桃園市(非原住民地區)
333桃園市龜山區東萬壽路687號、687號3樓4樓及689號1至4樓,桃園市(非原住民地區)
114臺北市內湖區瑞光路411號7樓及413號7樓,臺中市(非原住民地區)
244新北市林口區文化二路1段266號19樓之2,臺中市(非原住民地區)
110臺北市信義區忠孝東路5段550號14樓,屏東縣(非原住民地區)
105臺北市松山區南京東路4段126號10樓、10樓之1至之3,臺北市(非原住民地區)
105臺北市松山區南京東路4段126號10樓、10樓之1至之3,臺北市(非原住民地區)
350苗栗縣竹南鎮新南里三角店28之2號,高雄市(非原住民地區)
105臺北市松山區南京東路4段126號10樓、10樓之1至之3,臺北市(非原住民地區)
105臺北市松山區南京東路4段126號10樓、10樓之1至之3,臺北市(非原住民地區)
105臺北市松山區南京東路4段126號10樓、10樓之1至之3,臺北市(非原住民地區)
717臺南市仁德區仁義里中正路2段848號1樓,雲林縣(非原住民地區)
105臺北市松山區南京東路4段126號10樓、10樓之1至之3,臺北市(非原住民地區)
115臺北市南港區忠孝東路7段508號5樓,臺中市(非原住民地區)
702臺南市南區彰南里新孝路197號、199號,雲林縣(非原住民地區)
105臺北市松山區南京東路4段126號10樓、10樓之1至之3,臺北市(非原住民地區)
104臺北市中山區敬業一路139號5樓之7,臺北市(非原住民地區)
247新北市蘆洲區光明路112巷29弄3號9樓,臺中市(非原住民地區)
115臺北市南港區經貿一路170號18樓及18樓之1、之2、之3,臺北市(非原住民地區)
437臺中市大甲區中山路一段1191號,臺北市(非原住民地區)
105臺北市松山區敦化北路311號2樓,臺北市(非原住民地區)
710臺南市永康區塩洲里正南八街32巷7號1樓,臺北市(非原住民地區)
235新北市中和區中山路2段348巷8號10樓,桃園市(非原住民地區)
115臺北市南港區忠孝東路7段508號5樓,臺北市(非原住民地區)
106臺北市大安區忠孝東路4段295號3樓,臺北市(非原住民地區)
235新北市中和區中原里中正路880號14樓之5,臺北市(非原住民地區)
105臺北市松山區敦化南路一段2號2樓,高雄市(非原住民地區)
104臺北市中山區建國北路2段85號7樓,高雄市(非原住民地區)
320桃園市中壢區領航南路三段468號13樓之2,臺中市(非原住民地區)
106臺北市大安區復興南路2段237號8樓之8,臺北市(非原住民地區)
110臺北市信義區忠孝東路5段510號10樓,桃園市(非原住民地區)
114臺北市內湖區瑞湖街58號7樓,臺中市(非原住民地區)
730臺南市新營區開元路154號a棟,臺北市(非原住民地區)
402臺中市南區平和里南平路122號2樓,桃園市(非原住民地區)
106臺北市大安區敦化南路1段205號6樓,新竹市(非原住民地區)
115臺北市南港區園區街3號16樓,嘉義市(非原住民地區)
104臺北市中山區松江路221巷19號,高雄市(非原住民地區)
105臺北市松山區南京東路4段126號10樓、10樓之1至之3,臺北市(非原住民地區)
104臺北市中山區南京東路2段157號7樓,臺北市(非原住民地區)
303新竹縣湖口鄉勝利村實踐路3號,基隆市(非原住民地區)
104臺北市中山區南京東路2段66號4樓,新竹市(非原住民地區)
114臺北市內湖區陽光街351號6樓之1,臺北市(非原住民地區)
105臺北市松山區南京東路4段126號10樓、10樓之1至之3,基隆市(非原住民地區)
112臺北市北投區永興路1段49號,臺北市(非原住民地區)
105臺北市松山區南京東路4段126號10樓、10樓之1至之3,宜蘭縣(非原住民地區)
806高雄市前鎮區復興四路2號4樓,高雄市(非原住民地區)
105臺北市松山區民生東路3段128號5樓,新竹市(非原住民地區)
326桃園市楊梅區瑞坪里梅獅路二段578巷16弄2號,宜蘭縣(非原住民地區)
407臺中市西屯區臺中市西屯區臺灣大道淵段660號8樓之5、8樓之3,臺中市(非原住民地區)
221新北市汐止區新台五路一段97號30樓,臺南市(非原住民地區)
100臺北市中正區忠孝東路2段123號8樓,其他
104臺北市中山區民生東路1段58號9樓之1,臺北市(非原住民地區)
114臺北市內湖區堤頂大道2段407巷20弄1、3、5、7號10樓，及407巷22、24、26號10樓及407巷22號10樓之1,臺北市(非原住民地區)
241新北市三重區中正北路193巷35弄37號(1樓),新竹市(非原住民地區)
106臺北市大安區復興南路1段360號7樓之3,臺北市(非原住民地區)
105臺北市松山區南京東路4段126號10樓、10樓之1至之3,臺北市(非原住民地區)
237新北市三峽區二鬮路136巷22弄1號,臺南市(非原住民地區)
114臺北市內湖區堤頂大道2段407巷20弄1、3、5、7號10樓，及407巷22、24、26號10樓及407巷22號10樓之1,宜蘭縣(非原住民地區)
709臺南市安南區安順里開安三街51號1樓,臺北市(非原住民地區)
116臺北市文山區三福街30號1樓,臺北市(非原住民地區)
114臺北市內湖區內湖路1段411巷89弄1號1樓,臺北市(非原住民地區)
407臺中市西屯區臺中市西屯區安和路168號4F之1,臺中市(非原住民地區)
104臺北市中山區長安東路2段169之6號3樓之2、之3,臺中市(非原住民地區)
105臺北市松山區南京東路4段126號10樓、10樓之1至之3,臺北市(非原住民地區)
106臺北市大安區金山南路2段12號5樓之5,臺北市(非原住民地區)
807高雄市三民區九如一路502號27樓之3,臺北市(非原住民地區)
408臺中市南屯區春社里嶺東路27號,其他
105臺北市松山區南京東路4段126號10樓、10樓之1至之3,桃園市(非原住民地區)
105臺北市松山區南京東路4段126號10樓、10樓之1至之3,桃園市(非原住民地區)
403臺中市西區忠信街20號2樓,臺北市(非原住民地區)
105臺北市松山區南京東路4段126號10樓、10樓之1至之3,臺北市(非原住民地區)
116臺北市文山區羅斯福路6段10號10樓,臺北市(非原住民地區)
235新北市中和區中山路2段348巷8號10樓,臺中市(非原住民地區)
111臺北市士林區承德路4段81號3樓之1,臺北市(非原住民地區)
234新北市永和區中山路1段174號5樓,其他
105臺北市松山區敦化南路一段2號2樓,臺南市(非原住民地區)
807高雄市三民區九如一路502號17樓之1,臺南市(非原住民地區)
231新北市新店區北新路1段293號4樓之5,臺北市(非原住民地區)
115臺北市南港區園區街3-1號3樓,臺北市(非原住民地區)
114臺北市內湖區堤頂大道2段407巷20弄1、3、5、7號10樓，及407巷22、24、26號10樓及407巷22號10樓之1,金門縣(非原住民地區)
302新竹縣竹北市新竹科學園區生醫路2段26號1樓,臺北市(非原住民地區)
105臺北市松山區南京東路4段126號10樓、10樓之1至之3,金門縣(非原住民地區)
114臺北市內湖區堤頂大道2段407巷20弄1、3、5、7號10樓，及407巷22、24、26號10樓及407巷22號10樓之1,金門縣(非原住民地區)
114臺北市內湖區瑞光路335號9樓,臺北市(非原住民地區)
104臺北市中山區復興北路48號3樓,臺北市(非原住民地區)
100臺北市中正區福州街11之11號1樓,臺北市(非原住民地區)
408臺中市南屯區精科五路3號5樓,金門縣(非原住民地區)
407臺中市西屯區工業區七路15號,彰化縣(非原住民地區)
221新北市汐止區新台五路1段100號19樓,臺北市(非原住民地區)
220新北市板橋區深丘里中山路一段156號18樓,臺北市(非原住民地區)
110臺北市信義區松仁路100號38樓,高雄市(非原住民地區)
220新北市板橋區文化路1段266號16樓之1,屏東縣(非原住民地區)
114臺北市內湖區新湖一路71號3樓,新北市(非原住民地區)
407臺中市西屯區工業區七路15號,臺南市(非原住民地區)
242新北市新莊區建國一路310號2樓,臺北市(非原住民地區)
811高雄市楠梓區清成街91號1樓,高雄市(非原住民地區)
235新北市中和區新北市中和區中正路880號17樓之1,臺中市(非原住民地區)
104臺北市中山區松江路301號9樓之1,臺北市(非原住民地區)
221新北市汐止區大同路1段126號2樓,臺北市(非原住民地區)
234新北市永和區中山路1段168號9樓,屏東縣(非原住民地區)
407臺中市西屯區臺灣大道四段925號7樓之5,屏東縣(非原住民地區)
821高雄市路竹區南部科學園區路科五路90號2樓,屏東縣(非原住民地區)
105臺北市松山區南京東路4段126號10樓、10樓之1至之3,臺北市(非原住民地區)
105臺北市松山區南京東路4段126號10樓、10樓之1至之3,臺北市(非原住民地區)
114臺北市內湖區瑞光路407號5樓,高雄市(非原住民地區)
110臺北市信義區永吉路168號12樓之2,宜蘭縣(非原住民地區)
110臺北市信義區忠孝東路4段560號3樓,臺北市(非原住民地區)
106臺北市大安區安和路1段41、47號7樓,新北市(非原住民地區)
104臺北市中山區民生東路3段2號10、11樓,臺北市(非原住民地區) 
201基隆市信義區仁一路3號2樓,基隆市(非原住民地區)
241新北市三重區重新路5段609巷2號8樓之2,高雄市(非原住民地區)
114臺北市內湖區瑞光路407號5樓,高雄市(非原住民地區)
269宜蘭縣冬山鄉中山村中山路84號,臺北市(非原住民地區)
114臺北市內湖區瑞湖街58號7樓,臺中市(非原住民地區)
110臺北市信義區忠孝東路5段550號14樓,高雄市(非原住民地區)
235新北市中和區中原里中正路880號14樓之5,苗栗縣(非原住民地區)
235新北市中和區建一路166號10樓之3,臺北市(非原住民地區)
106臺北市大安區復興南路2段237號8樓之8,臺北市(非原住民地區)
111臺北市士林區至誠路2段22號1樓,高雄市(非原住民地區)
807高雄市三民區大昌二路65號7樓,雲林縣(非原住民地區)
241新北市三重區大同南路194號2樓,彰化縣(非原住民地區)
407臺中市西屯區工業區七路15號,其他
220新北市板橋區四川路1段23號4樓,新北市(非原住民地區)
114臺北市內湖區堤頂大道2段407巷20弄1、3、5、7號10樓，及407巷22、24、26號10樓及407巷22號10樓之1,臺中市(非原住民地區)
435臺中市梧棲區南簡里大仁路一段9號,高雄市(非原住民地區)
235新北市中和區中山路2段348巷8號10樓,臺北市(非原住民地區)
105臺北市松山區南京東路4段126號10樓、10樓之1至之3,屏東縣(非原住民地區)
235新北市中和區中正路736號12樓之4,新竹市(非原住民地區)
115臺北市南港區南港路2段99之15號1、2樓,新北市(非原住民地區)
110臺北市信義區永吉路168號12樓之2,高雄市(非原住民地區)
104臺北市中山區新生北路3段11巷43號1樓,臺北市(非原住民地區)
114臺北市內湖區堤頂大道2段407巷20弄1、3、5、7號10樓，及407巷22、24、26號10樓及407巷22號10樓之1,臺南市(非原住民地區)
104臺北市中山區南京東路2段66號4樓,臺北市(非原住民地區)
104臺北市中山區南京東路三段200號8、9樓,臺北市(非原住民地區)
115臺北市南港區經貿一路170號18樓及18樓之1、之2、之3,臺北市(非原住民地區)
221新北市汐止區福德一路342巷3弄25號(2樓),新竹市(非原住民地區)
104臺北市中山區建國北路2段85號7樓,臺北市(非原住民地區)
221新北市汐止區康寧街169巷31號4樓之1,臺北市(非原住民地區)
236新北市土城區中央路4段51號4樓之1、之2、之3,臺北市(非原住民地區)
402臺中市南區平和里南平路140號,屏東縣(非原住民地區)
114臺北市內湖區瑞光路358巷30弄8號3樓之1,新竹市(非原住民地區)
407臺中市西屯區市政路402號8樓之2,臺北市(非原住民地區)
105臺北市松山區南京東路4段126號10樓、10樓之1至之3,花蓮縣(原住民地區)
105臺北市松山區南京東路4段16號11樓,高雄市(非原住民地區)
100臺北市中正區和平西路1段100號14樓之3,臺北市(非原住民地區)
100臺北市中正區南海路3號3樓,臺北市(非原住民地區)
105臺北市松山區南京東路4段126號10樓、10樓之1至之3,臺北市(非原住民地區)
115臺北市南港區忠孝東路7段508號5樓,臺北市(非原住民地區)
406臺中市北屯區綏遠路二段216之5號6樓、216號地下一層,臺北市(非原住民地區)
105臺北市松山區南京東路4段126號10樓、10樓之1至之3,臺北市(非原住民地區)
406臺中市北屯區綏遠路二段216之5號6樓、216號地下一層,臺北市(非原住民地區)
114臺北市內湖區行愛路88號5樓,高雄市(非原住民地區)
114臺北市內湖區瑞光路578號5樓,高雄市(非原住民地區)
105臺北市松山區南京東路4段126號10樓、10樓之1至之3,臺北市(非原住民地區)
814高雄市仁武區竹門巷103之1號1樓,高雄市(非原住民地區)
103臺北市大同區承德路1段70之1號13樓之1,臺北市(非原住民地區)
105臺北市松山區南京東路4段126號10樓、10樓之1至之3,臺北市(非原住民地區)           
105臺北市松山區南京東路4段126號10樓、10樓之1至之3,桃園市(非原住民地區)
105臺北市松山區南京東路4段126號10樓、10樓之1至之3,臺北市(非原住民地區)
235新北市中和區立德街122號4樓,高雄市(非原住民地區)
234新北市永和區中山路1段170號9樓,臺北市(非原住民地區)
235新北市中和區景德街28號10樓,臺北市(非原住民地區)
105臺北市松山區南京東路4段126號10樓、10樓之1至之3,臺北市(非原住民地區)
221新北市汐止區康寧街169巷27-1號9樓之1,臺北市(非原住民地區)
248新北市五股區五權七路14號之1,宜蘭縣(非原住民地區)
100臺北市中正區杭州南路1段19號10樓,臺中市(非原住民地區)
105臺北市松山區南京東路4段126號10樓,臺中市(非原住民地區)
710臺南市永康區環工路9號,臺中市(非原住民地區)
302新竹縣竹北市北崙里縣政十二街12號1樓,宜蘭縣(非原住民地區)
100臺北市中正區襄陽路23號8樓,宜蘭縣(非原住民地區)
105臺北市松山區南京東路4段126號10樓、10樓之1至之3,臺南市(非原住民地區)
105臺北市松山區南京東路5段346號7樓,臺北市(非原住民地區)
350苗栗縣竹南鎮新南里三角店28之2號,臺北市(非原住民地區)
406臺中市北屯區和平里軍福十一路270號7樓,臺中市(非原住民地區)
104臺北市中山區南京東路三段200號8、9樓,臺中市(非原住民地區)
111臺北市士林區中山北路5段520號7樓,臺中市(非原住民地區)
100臺北市中正區杭州南路1段6巷9號1樓,新竹縣(非原住民地區)
105臺北市松山區南京東路4段126號10樓、10樓之1至之3,臺北市(非原住民地區)
106臺北市大安區仁愛路4段300巷27號1樓,臺中市(非原住民地區)
104臺北市中山區敬業一路139號5樓之7,臺中市(非原住民地區)
100臺北市中正區金門街24巷16之1號1樓,高雄市(非原住民地區)
114臺北市內湖區堤頂大道2段407巷20弄1、3、5、7號10樓，及407巷22、24、26號10樓及407巷22號10樓之1,臺北市(非原住民地區)
105臺北市松山區南京東路4段126號10樓、10樓之1至之3,嘉義市(非原住民地區)
104臺北市中山區民生東路3段2號10、11樓,臺北市(非原住民地區)
114臺北市內湖區瑞光路316巷56號2樓,高雄市(非原住民地區)
104臺北市中山區松江路106號4樓,臺北市(非原住民地區)
235新北市中和區中原里中正路880號14樓之5,桃園市(非原住民地區)
106臺北市大安區仁愛路4段33號9樓之3,其他
235新北市中和區中正路880號17樓之1,彰化縣(非原住民地區)
103臺北市大同區承德路1段70之1號13樓之1,臺南市(非原住民地區)
420臺中市豐原區中正路562號1、2樓,臺北市(非原住民地區)
100臺北市中正區羅斯福路2段100號5樓,臺南市(非原住民地區)
105臺北市松山區南京東路4段126號10樓之1至之3,桃園市(非原住民地區)
632雲林縣虎尾鎮中部科學園區科虎一路8號,臺南市(非原住民地區)
105臺北市松山區南京東路4段126號10樓、10樓之1至之3,臺中市(非原住民地區)
104臺北市中山區民生東路3段2號10、11樓,臺北市(非原住民地區)
224新北市瑞芳區頂坪路瑞芳工業區14號,桃園市(非原住民地區)
802高雄市苓雅區中正一路120號11樓之4,高雄市(非原住民地區)
104臺北市中山區新生北路3段42號2樓,臺北市(非原住民地區)
220新北市板橋區民生路1段33號6樓之4,臺北市(非原住民地區)
248新北市五股區五工二路127號,高雄市(非原住民地區)
235新北市中和區中原里中正路880號14樓之5,臺北市(非原住民地區)
235新北市中和區中原里中正路880號14樓之5,臺北市(非原住民地區)
303新竹縣湖口鄉勝利村實踐路3號,臺北市(非原住民地區)
114臺北市內湖區行愛路159號4樓,高雄市(非原住民地區)
221新北市汐止區新台五路1段97號24樓之8,臺北市(非原住民地區)
105臺北市松山區南京東路4段126號10樓、10樓之1至之3,臺北市(非原住民地區)
234新北市永和區中山路1段168號9樓,金門縣(非原住民地區)
110臺北市信義區忠孝東路4段560號3樓,臺北市(非原住民地區)
407臺中市西屯區福和里臺灣大道四段925號9樓之1,桃園市(非原住民地區)
105臺北市松山區南京東路4段126號10樓、10樓之1至之3,彰化縣(非原住民地區)
100臺北市中正區杭州南路1段6巷9號1樓,臺北市(非原住民地區)
521彰化縣北斗鎮大新里財神路20號1樓,新北市(非原住民地區)
807高雄市三民區延吉街57號,高雄市(非原住民地區)
114臺北市內湖區瑞光路578號5樓,臺北市(非原住民地區)
104臺北市中山區錦州街4巷1號1樓,臺北市(非原住民地區)
807高雄市三民區九如一路502號27樓之3,臺中市(非原住民地區)
802高雄市苓雅區林森二路80號11樓,臺北市(非原住民地區)
521彰化縣北斗鎮大新里新工一路100號,臺北市(非原住民地區)
100臺北市中正區仁愛路二段99號11樓,臺北市(非原住民地區)
104臺北市中山區南京東路3段189號10樓,臺北市(非原住民地區)
105臺北市松山區南京東路4段126號10樓、10樓之1至之3,臺北市(非原住民地區)
106臺北市大安區忠孝東路四段230號11樓,臺北市(非原住民地區)
115臺北市南港區園區街3號2樓之2,臺南市(非原住民地區)
244新北市林口區文化二路1段266號19樓之2,臺中市(非原住民地區)
220新北市板橋區大同街45號9樓,臺北市(非原住民地區)
106臺北市大安區敦化南路2段182號8樓,臺中市(非原住民地區)
247新北市蘆洲區三民路360號(1樓),臺中市(非原住民地區)
235新北市中和區中正路880號17樓之1,臺北市(非原住民地區)
105臺北市松山區南京東路4段126號10樓、10樓之1至之3,臺北市(非原住民地區)
303新竹縣湖口鄉勝利村實踐路3號,高雄市(非原住民地區)
114臺北市內湖區內湖路1段396號1樓,臺北市(非原住民地區)
112臺北市北投區義理街26號,臺北市(非原住民地區)
407臺中市西屯區重慶路289之7號,臺中市(非原住民地區)
807高雄市三民區鼎昌街53號1樓,高雄市(非原住民地區)
811高雄市楠梓區大學二街42巷13號1樓,高雄市(非原住民地區)
105臺北市松山區南京東路4段126號10樓、10樓之1至之3,彰化縣(非原住民地區)
105臺北市松山區南京東路4段126號10樓、10樓之1至之3,彰化縣(非原住民地區)
244新北市林口區三民路15之1號,高雄市(非原住民地區)
908屏東縣長治鄉德和村6鄰神農路3號,嘉義市(非原住民地區)
105臺北市松山區民生東路3段128號5樓,雲林縣(非原住民地區)
114臺北市內湖區瑞光路407號5樓,臺北市(非原住民地區)
110臺北市信義區忠孝東路5段550號14樓,臺南市(非原住民地區)
231新北市新店區中正路525之1號9樓,臺北市(非原住民地區)
104臺北市中山區長春路59號7樓,臺北市(非原住民地區)
114臺北市內湖區成功路2段426巷62號,臺南市(非原住民地區)
103臺北市大同區承德路1段70之1號13樓之1,臺中市(非原住民地區)
408臺中市南屯區精科南路99號5樓之2,臺北市(非原住民地區)
106臺北市大安區金山南路2段12號5樓之5,臺中市(非原住民地區)
115臺北市南港區園區街3號16樓之5,臺北市(非原住民地區)
105臺北市松山區南京東路4段126號10樓、10樓之1至之3,臺北市(非原住民地區)
220新北市板橋區新站路16號25樓,高雄市(非原住民地區)
112臺北市北投區大業路160號4樓,臺北市(非原住民地區)
235新北市中和區中原里中正路880號14樓之5,臺中市(非原住民地區)
105臺北市松山區南京東路4段16號11樓,新竹縣(非原住民地區)
115臺北市南港區經貿一路170號18樓及18樓之1、之2、之3,高雄市(非原住民地區)
115臺北市南港區經貿一路170號18樓及18樓之1、之2、之3,高雄市(非原住民地區)
411臺中市太平區長安六街32號,花蓮縣(原住民地區)
235新北市中和區中山路2段348巷8號10樓,臺北市(非原住民地區)
106臺北市大安區敦化南路2段180號5樓,臺北市(非原住民地區)
106臺北市大安區復興南路1段222號9樓,臺北市(非原住民地區)
114臺北市內湖區堤頂大道2段407巷20弄1、3、5、7號10樓，及407巷22、24、26號10樓及407巷22號10樓之1,臺北市(非原住民地區)
100臺北市中正區重慶南路1段57號9樓之10,臺北市(非原住民地區)
236新北市土城區慶祥街53號(1樓),臺中市(非原住民地區)
104臺北市中山區南京東路2段66號4樓,臺北市(非原住民地區)
115臺北市南港區經貿一路170號18樓及18樓之1、之2、之3,臺中市(非原住民地區)
235新北市中和區中山路2段348巷8號10樓,臺中市(非原住民地區)
106臺北市大安區復興南路2段268號2樓之4,臺中市(非原住民地區)
105臺北市松山區南京東路4段126號10樓、10樓之1至之3,臺中市(非原住民地區)
730臺南市新營區太北里太子宮5之14號2樓,花蓮縣(原住民地區)
235新北市中和區中正路880號17樓之1,臺中市(非原住民地區)
104臺北市中山區錦州街4巷1號1樓,臺北市(非原住民地區)
114臺北市內湖區陽光街365巷37號5樓,新竹市(非原住民地區)
105臺北市松山區南京東路4段126號10樓、10樓之1至之3,臺北市(非原住民地區)
115臺北市南港區福德街359號1樓,臺北市(非原住民地區)
407臺中市西屯區工業區七路15號,臺中市(非原住民地區)
110臺北市信義區松高路9號11樓,臺北市(非原住民地區)
105臺北市松山區南京東路4段126號10樓、10樓之1至之3,臺北市(非原住民地區)
235新北市中和區中原里中正路880號14樓之5,臺北市(非原住民地區)
114臺北市內湖區行愛路88號5樓,高雄市(非原住民地區)
330桃園市桃園區豐林里介壽路22號,臺北市(非原住民地區)
105臺北市松山區南京東路4段126號10樓、10樓之1至之3,臺中市(非原住民地區)
115臺北市南港區園區街3-1號3樓,桃園市(非原住民地區)
802高雄市苓雅區中正一路120號11樓之4,臺南市(非原住民地區)
114臺北市內湖區堤頂大道2段407巷20弄1、3、5、7號10樓，及407巷22、24、26號10樓及407巷22號10樓之1,臺南市(非原住民地區)
105臺北市松山區南京東路4段126號10樓、10樓之1至之3,基隆市(非原住民地區)
105臺北市松山區南京東路4段126號10樓、10樓之1至之3,臺北市(非原住民地區)
105臺北市松山區南京東路4段126號10樓、10樓之1至之3,臺中市(非原住民地區)
114臺北市內湖區堤頂大道2段407巷20弄1、3、5、7號10樓，及407巷22、24、26號10樓及407巷22號10樓之1,臺北市(非原住民地區)
235新北市中和區中正路872號14樓之1,雲林縣(非原住民地區)
106臺北市大安區復興南路1段360號7樓之3,臺南市(非原住民地區)
110臺北市信義區忠孝東路4段560號3樓,臺南市(非原住民地區)
108臺北市萬華區中華路1段202號7樓之2、7樓之3,臺北市(非原住民地區)
110臺北市信義區忠孝東路5段510號10樓,臺中市(非原住民地區)
114臺北市內湖區堤頂大道2段407巷20弄1、3、5、7號10樓，及407巷22、24、26號10樓及407巷22號10樓之1,臺北市(非原住民地區)
110臺北市信義區永吉路302號2樓之3,臺北市(非原住民地區)
231新北市新店區中正路四維巷4號4樓,新竹市(非原住民地區)
106臺北市大安區仁愛路3段28號12樓之5,臺中市(非原住民地區)
302新竹縣竹北市新竹科學園區生醫路2段26號1樓,臺北市(非原住民地區)
251新北市淡水區中正東路2段27之7號21樓,臺中市(非原住民地區)
105臺北市松山區南京東路4段126號10樓、10樓之1至之3,高雄市(非原住民地區)
807高雄市三民區九如一路502號17樓之1,高雄市(非原住民地區)
807高雄市三民區九如一路502號27樓之3,臺北市(非原住民地區)
106臺北市大安區仁愛路3段28號12樓之5,臺南市(非原住民地區)
105臺北市松山區南京東路4段126號10樓、10樓之1至之3,臺南市(非原住民地區)
303新竹縣湖口鄉工業一路6號,臺北市(非原住民地區)
105臺北市松山區南京東路4段126號10樓、10樓之1至之3,臺北市(非原住民地區)
330桃園市桃園區大同路143號,苗栗縣(非原住民地區)
521彰化縣北斗鎮大新里新工一路100號,臺南市(非原住民地區)
106臺北市大安區仁愛路4段33號9樓之3,其他
105臺北市松山區南京東路4段126號10樓、10樓之1至之3,臺北市(非原住民地區)
234新北市永和區成功路1段80號20樓,高雄市(非原住民地區)
303新竹縣湖口鄉工業一路6號,臺中市(非原住民地區)
112臺北市北投區承德路六段128號13樓,臺北市(非原住民地區)
114臺北市內湖區陽光街365巷37號5樓,臺北市(非原住民地區)
115臺北市南港區成功路1段32號4樓之1,臺北市(非原住民地區)
231新北市新店區北新路3段207號11樓及207之1號11樓,臺北市(非原住民地區)
235新北市中和區中正路880號17樓之1,屏東縣(非原住民地區)
114臺北市內湖區堤頂大道2段407巷20弄1、3、5、7號10樓，及407巷22、24、26號10樓及407巷22號10樓之1,臺北市(非原住民地區)
248新北市五股區中興路1段10號2樓,臺中市(非原住民地區)
114臺北市內湖區瑞光路578號5樓,臺中市(非原住民地區)
801高雄市前金區武強街4號1樓,屏東縣(非原住民地區)
105臺北市松山區復興北路369號8樓,屏東縣(非原住民地區)
105臺北市松山區南京東路4段126號10樓、10樓之1至之3,屏東縣(非原住民地區)
231新北市新店區中正路四維巷4號4樓,臺北市(非原住民地區)
114臺北市內湖區民權東路6段15巷39號4樓,宜蘭縣(非原住民地區)
710臺南市永康區中華里小東路689號之108,基隆市(非原住民地區)
110臺北市信義區松仁路100號38樓,高雄市(非原住民地區)
804高雄市鼓山區明華路317號14樓之2,高雄市(非原住民地區)
105臺北市松山區敦化北路311號4樓,高雄市(非原住民地區)
105臺北市松山區南京東路4段126號10樓、10樓之1至之3,臺南市(非原住民地區)
104臺北市中山區建國北路2段85號7樓,臺北市(非原住民地區)
105臺北市松山區南京東路4段126號10樓、10樓之1至之3,臺北市(非原住民地區)
105臺北市松山區南京東路4段126號10樓、10樓之1至之3,臺南市(非原住民地區)
115臺北市南港區園區街3-1號3樓,臺北市(非原住民地區)
105臺北市松山區南京東路4段126號10樓、10樓之1至之3,臺北市(非原住民地區)
406臺中市北屯區祥順十街2號1樓,高雄市(非原住民地區)
106臺北市大安區忠孝東路4段285號5樓,臺中市(非原住民地區)
105臺北市松山區南京東路4段126號10樓、10樓之1至之3,宜蘭縣(非原住民地區)
114臺北市內湖區堤頂大道2段407巷20弄1、3、5、7號10樓，及407巷22、24、26號10樓及407巷22號10樓之1,宜蘭縣(非原住民地區)
105臺北市松山區南京東路4段126號10樓、10樓之1至之3,臺南市(非原住民地區)
406臺中市北屯區綏遠路二段216之5號6樓、216號地下一層,臺南市(非原住民地區)
105臺北市松山區南京東路4段126號10樓、10樓之1至之3,臺北市(非原住民地區)
115臺北市南港區忠孝東路7段508號5樓,臺南市(非原住民地區)
235新北市中和區板南路655號13樓,臺中市(非原住民地區)
105臺北市松山區南京東路4段126號10樓、10樓之1至之3,臺南市(非原住民地區)
221新北市汐止區大同路2段145號7樓,雲林縣(非原住民地區)
115臺北市南港區經貿一路170號18樓及18樓之1、之2、之3,臺北市(非原住民地區)
973花蓮縣吉安鄉北昌村自強路４６２號１樓,臺東縣東河鄉(原住民地區)
105臺北市松山區南京東路4段126號10樓、10樓之1至之3,臺北市(非原住民地區)
105臺北市松山區南京東路4段126號10樓、10樓之1至之3,臺南市(非原住民地區)
105臺北市松山區南京東路4段126號10樓、10樓之1至之3,其他
402臺中市南區平和里南平路122號2樓,臺中市(非原住民地區)
104臺北市中山區敬業一路139號5樓之7,新北市(非原住民地區)